r,l,t,source_env,episode_global,cumulative_steps,reward_ma,length_ma
-317752.284756,500,24.703877,train_env0.monitor,1,500,-317752.284756,500.0
-310483.835151,500,26.117543,train_env1.monitor,2,1000,-314118.0599535,500.0
-313475.389833,500,27.465768,train_env2.monitor,3,1500,-313903.83658,500.0
-371445.872195,500,28.548842,train_env3.monitor,4,2000,-328289.34548375,500.0
-291994.809567,500,44.277942,train_env0.monitor,5,2500,-321030.4383004,500.0
-277606.216077,500,45.40097,train_env1.monitor,6,3000,-313793.06792983337,500.0
-331064.368014,500,46.50387,train_env2.monitor,7,3500,-316260.3965132857,500.0
-312575.014736,500,47.637399,train_env3.monitor,8,4000,-315799.723791125,500.0
-299307.251118,500,63.631151,train_env0.monitor,9,4500,-313967.22682744445,500.0
-311628.878257,500,64.785043,train_env1.monitor,10,5000,-313733.3919704,500.0
-307101.242323,500,65.90717,train_env2.monitor,11,5500,-313130.4692751818,500.0
-242332.981253,500,67.033573,train_env3.monitor,12,6000,-307230.6786066667,500.0
-301592.882853,500,82.85465,train_env0.monitor,13,6500,-306797.0020102308,500.0
-290539.798844,500,83.968102,train_env1.monitor,14,7000,-305635.7732126429,500.0
-288995.880218,500,85.174754,train_env2.monitor,15,7500,-304526.447013,500.0
-258368.994279,500,86.307956,train_env3.monitor,16,8000,-301641.606217125,500.0
-351462.704624,500,115.893319,train_env0.monitor,17,8500,-304572.25906458823,500.0
-224153.451694,500,117.037942,train_env1.monitor,18,9000,-300104.547544,500.0
-322995.304847,500,118.172153,train_env2.monitor,19,9500,-301309.3242441579,500.0
-309106.036663,500,119.296284,train_env3.monitor,20,10000,-301699.1598651,500.0
-312588.537282,500,165.293946,train_env0.monitor,21,10500,-302217.70164685714,500.0
-296639.74673,500,166.36314,train_env1.monitor,22,11000,-301964.15824154543,500.0
-329196.037685,500,167.454063,train_env2.monitor,23,11500,-303148.1529999565,500.0
-281980.243223,500,168.555758,train_env3.monitor,24,12000,-302266.15675925004,500.0
-316416.374904,500,184.301782,train_env0.monitor,25,12500,-302832.16548504,500.0
-287982.705457,500,185.452371,train_env1.monitor,26,13000,-302261.03240703844,500.0
-284900.986605,500,186.56921,train_env2.monitor,27,13500,-301618.0677477037,500.0
-307804.002632,500,187.671822,train_env3.monitor,28,14000,-301838.99399357144,500.0
-280021.948122,500,203.117901,train_env0.monitor,29,14500,-301086.6820669655,500.0
-263756.69115,500,204.331928,train_env1.monitor,30,15000,-299842.34903640003,500.0
-306921.90061,500,205.449994,train_env2.monitor,31,15500,-300070.72166780644,500.0
-291239.812634,500,206.607022,train_env3.monitor,32,16000,-299794.7557605,500.0
-300035.059457,500,236.008784,train_env0.monitor,33,16500,-299802.03769069695,500.0
-273512.424857,500,237.155527,train_env1.monitor,34,17000,-299028.8137838235,500.0
-362454.567063,500,238.276463,train_env2.monitor,35,17500,-300840.97816322854,500.0
-314244.644753,500,239.463047,train_env3.monitor,36,18000,-301213.30223516666,500.0
-283039.167862,500,255.174634,train_env0.monitor,37,18500,-300722.10941427026,500.0
-284613.568398,500,256.315517,train_env1.monitor,38,19000,-300298.2004401579,500.0
-291934.210876,500,257.451734,train_env2.monitor,39,19500,-300083.7391692821,500.0
-272317.345492,500,258.625077,train_env3.monitor,40,20000,-299389.57932735,500.0
-310009.295508,500,305.772011,train_env0.monitor,41,20500,-299648.59679517074,500.0
-278178.713079,500,306.94086,train_env1.monitor,42,21000,-299137.40908764285,500.0
-263585.945005,500,308.095744,train_env2.monitor,43,21500,-298310.6308531628,500.0
-283427.551624,500,309.26315,train_env3.monitor,44,22000,-297972.3790525,500.0
-269031.854482,500,325.349835,train_env0.monitor,45,22500,-297329.25628426665,500.0
-304591.871534,500,326.775727,train_env1.monitor,46,23000,-297487.1392244782,500.0
-344771.017626,500,328.324207,train_env2.monitor,47,23500,-298493.1791904681,500.0
-266244.987258,500,329.904069,train_env3.monitor,48,24000,-297821.34185854165,500.0
-304838.268602,500,359.627961,train_env0.monitor,49,24500,-297964.54444514285,500.0
-324335.739844,500,360.707178,train_env1.monitor,50,25000,-298491.96835312,500.0
-347943.319346,500,361.86204,train_env2.monitor,51,25500,-299095.78904492,500.0
-296767.016174,500,363.025862,train_env3.monitor,52,26000,-298821.45266538,500.0
-286670.220744,500,378.939055,train_env0.monitor,53,26500,-298285.3492836,500.0
-278003.788451,500,380.099169,train_env1.monitor,54,27000,-296416.50760872,500.0
-336127.768583,500,381.222061,train_env2.monitor,55,27500,-297299.16678904,500.0
-272448.241889,500,382.313783,train_env3.monitor,56,28000,-297196.00730528,500.0
-316230.6522,500,394.824771,train_env0.monitor,57,28500,-296899.332989,500.0
-289475.054167,500,395.896431,train_env1.monitor,58,29000,-296437.33377762,500.0
-283267.942383,500,396.929591,train_env2.monitor,59,29500,-296116.54760292,500.0
-264395.539116,500,398.017297,train_env3.monitor,60,30000,-295171.8808201,500.0
-296667.695621,500,422.48475,train_env0.monitor,61,30500,-294963.20988606004,500.0
-321682.036129,500,422.945928,train_env1.monitor,62,31000,-296550.19098358,500.0
-301879.939529,500,423.402266,train_env2.monitor,63,31500,-296555.9321171,500.0
-311683.011074,500,423.8276,train_env3.monitor,64,32000,-296978.7963617,500.0
-313967.117776,500,451.662236,train_env0.monitor,65,32500,-297478.22111286,500.0
-306815.138481,500,452.714137,train_env1.monitor,66,33000,-298447.1439969,500.0
-319559.467685,500,453.765704,train_env2.monitor,67,33500,-297809.07925812,500.0
-328294.495976,500,454.825715,train_env3.monitor,68,34000,-299891.90014376,500.0
-299477.051008,500,470.386409,train_env0.monitor,69,34500,-299421.53506698,500.0
-224770.632735,500,471.4634,train_env1.monitor,70,35000,-297734.82698842,500.0
-291220.153245,500,472.579787,train_env2.monitor,71,35500,-297307.45930767996,500.0
-299552.966787,500,473.609861,train_env3.monitor,72,36000,-297365.72370882,500.0
-296581.291407,500,489.158797,train_env0.monitor,73,36500,-296713.42878326005,500.0
-296405.771398,500,490.580769,train_env1.monitor,74,37000,-297001.93934676005,500.0
-264318.717797,500,492.000275,train_env2.monitor,75,37500,-295959.98620462,500.0
-291036.290961,500,493.367362,train_env3.monitor,76,38000,-296021.0579147,500.0
-296049.049073,500,510.247412,train_env0.monitor,77,38500,-296244.01916406,500.0
-320562.491002,500,511.54508,train_env1.monitor,78,39000,-296499.18893146,500.0
-308575.508646,500,512.841523,train_env2.monitor,79,39500,-297070.26014194003,500.0
-271855.996742,500,514.115449,train_env3.monitor,80,40000,-297232.24625378,500.0
-278575.065455,500,575.453727,train_env0.monitor,81,40500,-296665.30955068,500.0
-299111.845759,500,576.566845,train_env1.monitor,82,41000,-296822.75021317997,500.0
-273680.574308,500,577.65395,train_env2.monitor,83,41500,-296295.6605102,500.0
-272912.358656,500,578.736615,train_env3.monitor,84,42000,-296283.65918618,500.0
-294051.506286,500,594.400127,train_env0.monitor,85,42500,-294915.59797064005,500.0
-267689.34438,500,595.566037,train_env1.monitor,86,43000,-293984.49196318,500.0
-277061.412448,500,596.626891,train_env2.monitor,87,43500,-293864.93685490004,500.0
-289567.194351,500,597.722727,train_env3.monitor,88,44000,-293964.00937396,500.0
-263416.564321,500,613.331453,train_env0.monitor,89,44500,-293393.65644285997,500.0
-240484.743194,500,614.502765,train_env1.monitor,90,45000,-292757.00439689995,500.0
-329817.751729,500,615.664047,train_env2.monitor,91,45500,-293153.17352132,500.0
-267498.743639,500,616.875323,train_env3.monitor,92,46000,-292939.57413252,500.0
-274198.555739,500,632.453151,train_env0.monitor,93,46500,-293151.8263472,500.0
-274965.377945,500,633.908889,train_env1.monitor,94,47000,-292982.58287362003,500.0
-283941.316075,500,635.199171,train_env2.monitor,95,47500,-293280.77210547996,500.0
-307616.403391,500,636.302839,train_env3.monitor,96,48000,-293341.26274262,500.0
-293700.607655,500,665.627366,train_env0.monitor,97,48500,-292319.8545432,500.0
-348995.775112,500,666.771076,train_env1.monitor,98,49000,-293974.87030028,500.0
-326558.948819,500,667.897161,train_env2.monitor,99,49500,-294409.28390462,500.0
-337382.733384,500,669.083432,train_env3.monitor,100,50000,-294670.22377542,500.0
-296869.149888,500,715.552733,train_env0.monitor,101,50500,-293648.74038626,500.0
-284757.992253,500,716.69451,train_env1.monitor,102,51000,-293408.55990784,500.0
-302498.614247,500,717.923224,train_env2.monitor,103,51500,-293725.12777789996,500.0
-297177.053794,500,719.098473,train_env3.monitor,104,52000,-294108.59308476,500.0
-304580.407066,500,734.937897,train_env0.monitor,105,52500,-293477.64585441997,500.0
-253181.897919,500,735.994817,train_env1.monitor,106,53000,-293092.31897502,500.0
-322325.826124,500,737.167127,train_env2.monitor,107,53500,-293214.22245349997,500.0
-390090.013203,500,738.277266,train_env3.monitor,108,54000,-295226.52163422,500.0
-310145.528063,500,753.525791,train_env0.monitor,109,54500,-295764.07334782,500.0
-285785.266213,500,754.665998,train_env1.monitor,110,55000,-296191.86788976,500.0
-320198.87197,500,755.741254,train_env2.monitor,111,55500,-296662.49141674,500.0
-293254.939724,500,756.94697,train_env3.monitor,112,56000,-296093.94948864,500.0
-319828.549045,500,778.310151,train_env0.monitor,113,56500,-296452.92167896,500.0
-286827.757886,500,778.690547,train_env1.monitor,114,57000,-295955.8166152,500.0
-332783.050968,500,779.104498,train_env2.monitor,115,57500,-296332.13527904,500.0
-250131.435072,500,779.499629,train_env3.monitor,116,58000,-295198.46121086,500.0
-288088.579812,500,792.347733,train_env0.monitor,117,58500,-294569.04345339997,500.0
-289402.533519,500,793.600232,train_env1.monitor,118,59000,-293791.20420426,500.0
-330156.893869,500,794.729461,train_env2.monitor,119,59500,-294404.80106148,500.0
-270857.57144,500,795.919167,train_env3.monitor,120,60000,-295326.53983558,500.0
-299904.318192,500,840.950601,train_env0.monitor,121,60500,-295500.22313452,500.0
-321245.557803,500,842.167504,train_env1.monitor,122,61000,-295934.07495484,500.0
-298796.294351,500,843.346649,train_env2.monitor,123,61500,-295978.37501372,500.0
-299225.47889,500,844.526714,train_env3.monitor,124,62000,-296034.76916355995,500.0
-295526.213546,500,860.149562,train_env0.monitor,125,62500,-296658.91907854,500.0
-307557.773723,500,861.341508,train_env1.monitor,126,63000,-296989.34873378003,500.0
-314041.289414,500,862.482479,train_env2.monitor,127,63500,-297349.1935406,500.0
-305491.667608,500,863.64379,train_env3.monitor,128,64000,-297047.77707272,500.0
-321738.231753,500,892.701168,train_env0.monitor,129,64500,-297311.03153485997,500.0
-284356.44851,500,893.936005,train_env1.monitor,130,65000,-297561.04057022004,500.0
-377761.379432,500,895.208279,train_env2.monitor,131,65500,-299544.76684976,500.0
-330695.806432,500,896.456986,train_env3.monitor,132,66000,-300176.44606322004,500.0
-265539.546479,500,912.239337,train_env0.monitor,133,66500,-300013.62550664,500.0
-282215.252045,500,913.417019,train_env1.monitor,134,67000,-300199.68337442,500.0
-295698.970727,500,914.536901,train_env2.monitor,135,67500,-300232.63266323996,500.0
-302700.983004,500,915.671992,train_env3.monitor,136,68000,-300932.86543572,500.0
-286902.339195,500,931.201943,train_env0.monitor,137,68500,-301129.68397066003,500.0
-282399.072267,500,932.337468,train_env1.monitor,138,69000,-300986.32152898,500.0
-311423.258121,500,933.428399,train_env2.monitor,139,69500,-301946.45540498,500.0
-304108.858874,500,934.521017,train_env3.monitor,140,70000,-303218.93771858,500.0
-275250.247515,500,980.419142,train_env0.monitor,141,70500,-302127.5876343,500.0
-290036.158871,500,981.57778,train_env1.monitor,142,71000,-302578.33593894,500.0
-393473.979294,500,982.732869,train_env2.monitor,143,71500,-304963.84441004,500.0
-310042.21112,500,983.887329,train_env3.monitor,144,72000,-305665.38107354,500.0
-372155.249631,500,1013.248404,train_env0.monitor,145,72500,-307429.65974466,500.0
-336672.240439,500,1014.366314,train_env1.monitor,146,73000,-308010.77648562,500.0
-303347.406844,500,1015.59395,train_env2.monitor,147,73500,-308203.7124694,500.0
-287680.647876,500,1016.716292,train_env3.monitor,148,74000,-306977.40992468,500.0
-277354.141446,500,1032.396854,train_env0.monitor,149,74500,-305993.31377721997,500.0
-291681.271408,500,1033.567271,train_env1.monitor,150,75000,-305079.28453769995,500.0
-304157.838115,500,1034.768803,train_env2.monitor,151,75500,-305225.05830224,500.0
-301688.900872,500,1035.911048,train_env3.monitor,152,76000,-305563.67647462,500.0
-298736.412117,500,1051.134244,train_env0.monitor,153,76500,-305488.43243202,500.0
-257726.126651,500,1052.263867,train_env1.monitor,154,77000,-304699.41388916003,500.0
-277697.966078,500,1053.389192,train_env2.monitor,155,77500,-304161.7650694,500.0
-286247.233058,500,1054.52372,train_env3.monitor,156,78000,-304823.07177218,500.0
-235118.058791,500,1070.301725,train_env0.monitor,157,78500,-303078.91642552,500.0
-293644.703581,500,1071.428992,train_env1.monitor,158,79000,-301150.01023307996,500.0
-351190.35585,500,1072.552682,train_env2.monitor,159,79500,-301970.90678882,500.0
-334121.22656,500,1073.685762,train_env3.monitor,160,80000,-302937.62599576,500.0
-307115.485371,500,1133.204535,train_env0.monitor,161,80500,-302675.95826378005,500.0
-264308.207328,500,1134.350245,train_env1.monitor,162,81000,-302097.02361586003,500.0
-281806.681847,500,1135.448379,train_env2.monitor,163,81500,-301336.5862719,500.0
-281058.854857,500,1136.569593,train_env3.monitor,164,82000,-301221.20821132,500.0
-287045.305691,500,1152.236775,train_env0.monitor,165,82500,-300306.45330578,500.0
-254268.622682,500,1153.491705,train_env1.monitor,166,83000,-300389.19705798,500.0
-305778.879064,500,1154.562373,train_env2.monitor,167,83500,-300743.00304301997,500.0
-318273.995246,500,1155.663085,train_env3.monitor,168,84000,-301320.43227756,500.0
-288626.618981,500,1171.218508,train_env0.monitor,169,84500,-300489.8267798,500.0
-286400.774278,500,1172.328892,train_env1.monitor,170,85000,-300800.69083656,500.0
-329219.556695,500,1173.445516,train_env2.monitor,171,85500,-301386.99560662004,500.0
-263847.245011,500,1174.55377,train_env3.monitor,172,86000,-300239.02935078,500.0
-304734.723917,500,1190.176174,train_env0.monitor,173,86500,-300357.79794210003,500.0
-300698.280027,500,1191.371548,train_env1.monitor,174,87000,-300387.25396484,500.0
-317869.650504,500,1192.479925,train_env2.monitor,175,87500,-300834.122704,500.0
-292542.153561,500,1193.630002,train_env3.monitor,176,88000,-300533.81030076,500.0
-295073.672306,500,1208.848513,train_env0.monitor,177,88500,-300154.4579586,500.0
-343760.073333,500,1210.045666,train_env1.monitor,178,89000,-300919.8260731,500.0
-259901.304051,500,1211.232481,train_env2.monitor,179,89500,-299683.08751906,500.0
-334662.391117,500,1212.438067,train_env3.monitor,180,90000,-300689.20637120004,500.0
-278916.05056,500,1259.830761,train_env0.monitor,181,90500,-298712.29979376,500.0
-286141.199403,500,1260.960512,train_env1.monitor,182,91000,-297821.20765318,500.0
-300033.506746,500,1262.010607,train_env2.monitor,183,91500,-298511.08685852005,500.0
-355044.92102,500,1263.147127,train_env3.monitor,184,92000,-299967.68023802,500.0
-324125.422554,500,1278.31055,train_env0.monitor,185,92500,-300536.20927456,500.0
-329937.443417,500,1279.491028,train_env1.monitor,186,93000,-301080.93848282,500.0
-294273.774119,500,1280.591178,train_env2.monitor,187,93500,-301228.3671813,500.0
-302290.031824,500,1281.698478,train_env3.monitor,188,94000,-301626.18637244,500.0
-293339.875409,500,1297.212239,train_env0.monitor,189,94500,-301264.5187182,500.0
-297876.03348,500,1298.367422,train_env1.monitor,190,95000,-301139.86221032,500.0
-309270.843882,500,1299.466549,train_env2.monitor,191,95500,-301820.27413766,500.0
-250714.481421,500,1300.609165,train_env3.monitor,192,96000,-301033.84058866,500.0
-273026.67443,500,1316.09611,train_env0.monitor,193,96500,-298624.89449138,500.0
-420842.846976,500,1317.205451,train_env1.monitor,194,97000,-300840.90720849996,500.0
-365807.314596,500,1318.29186,train_env2.monitor,195,97500,-300713.9485078,500.0
-296764.143684,500,1319.38255,train_env3.monitor,196,98000,-299915.7865727,500.0
-288942.309773,500,1348.242432,train_env0.monitor,197,98500,-299627.68463128,500.0
-226423.345235,500,1349.34865,train_env1.monitor,198,99000,-298402.53857846,500.0
-293619.549317,500,1350.401398,train_env2.monitor,199,99500,-298727.84673588,500.0
-284211.600194,500,1351.46621,train_env3.monitor,200,100000,-298578.4533116,500.0
-249519.269388,500,1396.97143,train_env0.monitor,201,100500,-297485.68193705997,500.0
-279687.146967,500,1398.158436,train_env1.monitor,202,101000,-297045.64685896004,500.0
-278450.423589,500,1399.334146,train_env2.monitor,203,101500,-296639.9270884,500.0
-295723.797037,500,1400.497555,train_env3.monitor,204,102000,-297399.88049611996,500.0
-290299.698738,500,1416.104288,train_env0.monitor,205,102500,-297651.91514932003,500.0
-308206.126831,500,1417.303856,train_env1.monitor,206,103000,-298091.09302478,500.0
-323441.087622,500,1418.474013,train_env2.monitor,207,103500,-299857.5536014,500.0
-228189.193026,500,1419.665446,train_env3.monitor,208,104000,-298548.44339030003,500.0
-401297.211528,500,1435.480454,train_env0.monitor,209,104500,-299550.58050386,500.0
-277737.17249,500,1436.727004,train_env1.monitor,210,105000,-298422.89942246,500.0
-292354.95321,500,1437.892698,train_env2.monitor,211,105500,-298127.68877924,500.0
-290876.455893,500,1439.057316,train_env3.monitor,212,106000,-298659.05375054,500.0
-264946.065765,500,1467.48026,train_env0.monitor,213,106500,-298321.84142889996,500.0
-311466.60062,500,1468.600573,train_env1.monitor,214,107000,-298929.99634416,500.0
-294122.646502,500,1469.718939,train_env2.monitor,215,107500,-299071.54316038004,500.0
-309370.223359,500,1470.798717,train_env3.monitor,216,108000,-300173.57517392,500.0
-251417.773903,500,1486.108793,train_env0.monitor,217,108500,-299086.35307069996,500.0
-236594.633438,500,1487.304628,train_env1.monitor,218,109000,-297452.76583454,500.0
-285968.067325,500,1488.427387,train_env2.monitor,219,109500,-297399.59480142,500.0
-289915.153074,500,1489.564082,train_env3.monitor,220,110000,-297469.88237734,500.0
-304695.601598,500,1533.368573,train_env0.monitor,221,110500,-296979.4032754,500.0
-238771.253392,500,1534.638646,train_env1.monitor,222,111000,-296477.88344302,500.0
-340313.723365,500,1535.800211,train_env2.monitor,223,111500,-297189.46343198,500.0
-272769.112347,500,1537.040276,train_env3.monitor,224,112000,-296630.88007838,500.0
-291796.204956,500,1551.841046,train_env0.monitor,225,112500,-296109.41116742,500.0
-296979.528242,500,1552.97456,train_env1.monitor,226,113000,-296198.15866104,500.0
-282921.0889,500,1554.134467,train_env2.monitor,227,113500,-295955.10699292,500.0
-275249.499962,500,1555.298665,train_env3.monitor,228,114000,-294584.8955255,500.0
-262461.457576,500,1583.515058,train_env0.monitor,229,114500,-294636.098596,500.0
-275751.052604,500,1584.576335,train_env1.monitor,230,115000,-293457.87182574,500.0
-325710.740932,500,1585.663955,train_env2.monitor,231,115500,-294393.76563318,500.0
-270684.467782,500,1586.762877,train_env3.monitor,232,116000,-294084.63100076,500.0
-323218.794936,500,1601.577362,train_env0.monitor,233,116500,-294548.33676455996,500.0
-291466.071151,500,1601.998662,train_env1.monitor,234,117000,-293276.75976718,500.0
-259620.825004,500,1602.290055,train_env2.monitor,235,117500,-291986.66781618,500.0
-233490.040326,500,1602.982131,train_env3.monitor,236,118000,-290057.71975436003,500.0
-333510.091523,500,1618.409393,train_env0.monitor,237,118500,-290842.44610244,500.0
-279870.866264,500,1619.605095,train_env1.monitor,238,119000,-290394.06279124,500.0
-291135.904962,500,1620.692391,train_env2.monitor,239,119500,-290349.9833823,500.0
-291775.817174,500,1621.815271,train_env3.monitor,240,120000,-290227.97905618,500.0
-293444.443072,500,1667.055824,train_env0.monitor,241,120500,-289911.45103998,500.0
-332879.429659,500,1668.236644,train_env1.monitor,242,121000,-291554.75000474,500.0
-254694.684582,500,1669.41898,train_env2.monitor,243,121500,-291188.11020778003,500.0
-280099.763366,500,1670.57888,train_env3.monitor,244,122000,-288373.24853558,500.0
-273947.850646,500,1699.664996,train_env0.monitor,245,122500,-286536.05925657996,500.0
-279236.380167,500,1700.874979,train_env1.monitor,246,123000,-286185.50398624,500.0
-216140.854104,500,1702.014274,train_env2.monitor,247,123500,-284729.47487285995,500.0
-272638.509035,500,1703.210627,train_env3.monitor,248,124000,-285653.77814886,500.0
-329944.225602,500,1718.985458,train_env0.monitor,249,124500,-286380.27167456003,500.0
-297349.90946,500,1720.179839,train_env1.monitor,250,125000,-286643.03785988,500.0
-310592.369889,500,1721.370558,train_env2.monitor,251,125500,-287864.4998699,500.0
-274067.771152,500,1722.545858,train_env3.monitor,252,126000,-287752.1123536,500.0
-280901.087463,500,1738.321063,train_env0.monitor,253,126500,-287801.12563108,500.0
-270108.669362,500,1739.574012,train_env1.monitor,254,127000,-287288.82307758,500.0
-270589.07155,500,1740.717139,train_env2.monitor,255,127500,-286894.61053382,500.0
-344538.090481,500,1741.900788,train_env3.monitor,256,128000,-287621.24980682,500.0
-311056.949651,500,1757.700526,train_env0.monitor,257,128500,-287373.56704740005,500.0
-301299.216106,500,1758.883505,train_env1.monitor,258,129000,-288835.767509,500.0
-242465.750399,500,1760.020933,train_env2.monitor,259,129500,-285659.13828642,500.0
-274738.726901,500,1761.177083,train_env3.monitor,260,130000,-285599.16937464,500.0
-292243.753245,500,1819.560121,train_env0.monitor,261,130500,-285596.94537534,500.0
-264472.199504,500,1820.577318,train_env1.monitor,262,131000,-285068.86024756,500.0
-311792.368542,500,1821.733846,train_env2.monitor,263,131500,-286005.7863031,500.0
-274638.496721,500,1822.883305,train_env3.monitor,264,132000,-285269.22422512004,500.0
-308375.06833,500,1838.662097,train_env0.monitor,265,132500,-285554.27266168,500.0
-309738.30837,500,1839.791397,train_env1.monitor,266,133000,-285561.6343619,500.0
-241794.312419,500,1840.937145,train_env2.monitor,267,133500,-285369.16513222,500.0
-289680.024217,500,1842.073826,train_env3.monitor,268,134000,-286430.87294780003,500.0
-286848.998197,500,1858.105941,train_env0.monitor,269,134500,-286448.49156523996,500.0
-225325.430199,500,1859.233916,train_env1.monitor,270,135000,-285156.69710774,500.0
-259875.480102,500,1860.407707,train_env2.monitor,271,135500,-284260.29467782,500.0
-240370.899565,500,1861.525738,train_env3.monitor,272,136000,-284292.28760127997,500.0
-284409.592366,500,1877.237958,train_env0.monitor,273,136500,-283174.2049813,500.0
-324160.752562,500,1878.381171,train_env1.monitor,274,137000,-284202.0377856,500.0
-327980.290125,500,1879.531754,train_env2.monitor,275,137500,-284925.71948898,500.0
-289431.438878,500,1880.69864,train_env3.monitor,276,138000,-284774.7577017,500.0
-334783.91157,500,1909.829945,train_env0.monitor,277,138500,-285812.0141551,500.0
-270770.825218,500,1910.917955,train_env1.monitor,278,139000,-285722.44066022,500.0
-272430.233845,500,1911.995919,train_env2.monitor,279,139500,-285921.8161856,500.0
-268487.926551,500,1913.064697,train_env3.monitor,280,140000,-285776.55366454,500.0
-303457.754221,500,1959.029066,train_env0.monitor,281,140500,-285331.49393032,500.0
-345763.481309,500,1960.235255,train_env1.monitor,282,141000,-286833.07420086,500.0
-286083.71194,500,1961.370752,train_env2.monitor,283,141500,-286090.37254094,500.0
-286795.608751,500,1962.523671,train_env3.monitor,284,142000,-285996.96329294,500.0
-242219.943266,500,1978.207962,train_env0.monitor,285,142500,-285648.94565818,500.0
-246651.241403,500,1979.37059,train_env1.monitor,286,143000,-285912.16967972,500.0
-302521.377052,500,1980.540096,train_env2.monitor,287,143500,-285292.3953903,500.0
-316079.616554,500,1981.721602,train_env3.monitor,288,144000,-286016.5703961,500.0
-300585.766854,500,1997.574198,train_env0.monitor,289,144500,-286205.56763394,500.0
-335810.909483,500,1998.740159,train_env1.monitor,290,145000,-287086.26948012004,500.0
-277818.721127,500,1999.859991,train_env2.monitor,291,145500,-286773.75504122,500.0
-254347.318294,500,2001.000402,train_env3.monitor,292,146000,-285203.11281392,500.0
-278991.168747,500,2030.257845,train_env0.monitor,293,146500,-285689.04249722,500.0
-314858.977104,500,2031.389664,train_env1.monitor,294,147000,-286384.22677198,500.0
-305560.18176,500,2032.481615,train_env2.monitor,295,147500,-287016.47339426,500.0
-261722.40449,500,2033.574557,train_env3.monitor,296,148000,-286666.19388072,500.0
-242361.762893,500,2049.193554,train_env0.monitor,297,148500,-287190.61205650005,500.0
-285992.21548,500,2050.331759,train_env1.monitor,298,149000,-287457.6861854,500.0
-317587.912129,500,2051.474293,train_env2.monitor,299,149500,-287210.55991594,500.0
-309702.000505,500,2052.54272,train_env3.monitor,300,150000,-287457.60173684004,500.0
-291530.731884,500,2097.93511,train_env0.monitor,301,150500,-287076.36897674,500.0
-291777.508405,500,2099.123036,train_env1.monitor,302,151000,-287430.5637218,500.0
-268726.975924,500,2100.264996,train_env2.monitor,303,151500,-287187.08149102004,500.0
-306314.711726,500,2101.412633,train_env3.monitor,304,152000,-287911.20233829995,500.0
-303233.884152,500,2117.08996,train_env0.monitor,305,152500,-288564.09859034,500.0
-269907.092638,500,2118.248393,train_env1.monitor,306,153000,-287071.47863348,500.0
-225112.771305,500,2119.496259,train_env2.monitor,307,153500,-285352.59506655997,500.0
-305107.059026,500,2120.661131,train_env3.monitor,308,154000,-285428.75192496,500.0
-266133.947873,500,2148.619427,train_env0.monitor,309,154500,-285902.11587444,500.0
-282326.328762,500,2149.727078,train_env1.monitor,310,155000,-286053.86791166,500.0
-317303.97921,500,2150.804636,train_env2.monitor,311,155500,-286555.07243096,500.0
-265932.239343,500,2151.914235,train_env3.monitor,312,156000,-286584.27322774,500.0
-248876.198516,500,2166.954746,train_env0.monitor,313,156500,-285325.94982722,500.0
-269025.647006,500,2168.152612,train_env1.monitor,314,157000,-285213.69283292,500.0
-307342.29734,500,2169.294548,train_env2.monitor,315,157500,-285193.03741312004,500.0
-301433.4093,500,2170.424033,train_env3.monitor,316,158000,-285026.93943172,500.0
-261459.453581,500,2186.13396,train_env0.monitor,317,158500,-285420.24225496,500.0
-238643.105223,500,2187.308167,train_env1.monitor,318,159000,-284399.50387508,500.0
-303885.187084,500,2188.431589,train_env2.monitor,319,159500,-284740.22765282,500.0
-215055.521818,500,2189.560414,train_env3.monitor,320,160000,-284534.8294852,500.0
-258529.358697,500,2234.432375,train_env0.monitor,321,160500,-284507.9070571,500.0
-349256.108372,500,2235.58608,train_env1.monitor,322,161000,-286685.61123324005,500.0
-258621.589484,500,2236.775161,train_env2.monitor,323,161500,-286169.85117559996,500.0
-252666.75263,500,2237.894294,train_env3.monitor,324,162000,-284739.97117696004,500.0
-314166.265839,500,2266.387245,train_env0.monitor,325,162500,-284463.69069123996,500.0
-329289.27054,500,2267.4663,train_env1.monitor,326,163000,-285260.84732448,500.0
-282586.678637,500,2268.585697,train_env2.monitor,327,163500,-284216.90266582003,500.0
-279255.961274,500,2269.671113,train_env3.monitor,328,164000,-284386.60538694,500.0
-285191.310183,500,2284.382638,train_env0.monitor,329,164500,-284641.8269137,500.0
-314543.026486,500,2285.557638,train_env1.monitor,330,165000,-285562.92891240004,500.0
-307809.132143,500,2286.708956,train_env2.monitor,331,165500,-285649.95647084,500.0
-282727.665655,500,2287.881149,train_env3.monitor,332,166000,-284389.24015776,500.0
-270610.914323,500,2302.593628,train_env0.monitor,333,166500,-284079.78420542,500.0
-301643.61629,500,2303.873401,train_env1.monitor,334,167000,-284376.7443562,500.0
-286391.629905,500,2305.046731,train_env2.monitor,335,167500,-285260.17808898,500.0
-232928.966845,500,2306.204801,train_env3.monitor,336,168000,-284985.73259782,500.0
-317580.918633,500,2321.577034,train_env0.monitor,337,168500,-285286.92342944,500.0
-283745.775319,500,2322.737399,train_env1.monitor,338,169000,-284640.24660474,500.0
-290716.841925,500,2323.884217,train_env2.monitor,339,169500,-284442.86810615996,500.0
-272996.070424,500,2325.059107,train_env3.monitor,340,170000,-283186.57132498,500.0
-262339.458909,500,2368.946975,train_env0.monitor,341,170500,-282876.98608062,500.0
-299310.449252,500,2370.132468,train_env1.monitor,342,171000,-283776.24869978,500.0
-314882.884456,500,2371.313744,train_env2.monitor,343,171500,-284494.08301396,500.0
-277593.881003,500,2372.486712,train_env3.monitor,344,172000,-283748.78109194,500.0
-342345.254798,500,2401.412119,train_env0.monitor,345,172500,-284484.4825527,500.0
-304267.657263,500,2402.548743,train_env1.monitor,346,173000,-285335.38760816003,500.0
-222150.942173,500,2403.636666,train_env2.monitor,347,173500,-284931.17119376,500.0
-281771.130163,500,2404.77473,train_env3.monitor,348,174000,-284846.74948741996,500.0
-267306.407883,500,2419.897437,train_env0.monitor,349,174500,-283841.11940250004,500.0
-259854.956769,500,2421.061084,train_env1.monitor,350,175000,-282844.17852778,500.0
-230658.637416,500,2422.120842,train_env2.monitor,351,175500,-281626.73663841997,500.0
-267221.107272,500,2423.25098,train_env3.monitor,352,176000,-281135.60861576,500.0
-271653.47606,500,2438.577862,train_env0.monitor,353,176500,-281194.13861847995,500.0
-272123.896228,500,2439.85191,train_env1.monitor,354,177000,-280510.32230852003,500.0
-254213.49513,500,2441.010294,train_env2.monitor,355,177500,-279529.91452808003,500.0
-217467.00397,500,2442.132227,train_env3.monitor,356,178000,-278481.11275472003,500.0
-274550.407775,500,2457.133265,train_env0.monitor,357,178500,-279469.86548412,500.0
-316711.648465,500,2458.225105,train_env1.monitor,358,179000,-279701.9572729,500.0
-326507.895421,500,2459.27005,train_env2.monitor,359,179500,-280909.43622385996,500.0
-310941.036885,500,2460.30545,train_env3.monitor,360,180000,-281481.73038632004,500.0
-359670.020855,500,2513.347388,train_env0.monitor,361,180500,-282329.05121922004,500.0
-286433.646251,500,2514.652328,train_env1.monitor,362,181000,-282739.07935738,500.0
-377403.874308,500,2515.862979,train_env2.monitor,363,181500,-285309.63287322,500.0
-245718.83571,500,2517.0331,train_env3.monitor,364,182000,-284843.4966473,500.0
-272212.513839,500,2532.674293,train_env0.monitor,365,182500,-284140.90097728,500.0
-267619.686354,500,2533.920625,train_env1.monitor,366,183000,-283464.62651836,500.0
-309554.455757,500,2535.149628,train_env2.monitor,367,183500,-284426.52656188,500.0
-252574.513513,500,2536.286687,train_env3.monitor,368,184000,-284705.15472768,500.0
-267696.745791,500,2551.910434,train_env0.monitor,369,184500,-283981.38590182,500.0
-274177.203167,500,2553.111479,train_env1.monitor,370,185000,-285163.81952879997,500.0
-175630.734564,500,2554.250424,train_env2.monitor,371,185500,-283505.84704614,500.0
-175226.389948,500,2555.393424,train_env3.monitor,372,186000,-280025.25267765997,500.0
-285319.504133,500,2571.343338,train_env0.monitor,373,186500,-280559.21097064,500.0
-314315.406279,500,2572.499775,train_env1.monitor,374,187000,-281792.18404362,500.0
-225503.259164,500,2573.753395,train_env2.monitor,375,187500,-280018.92391012004,500.0
-198781.14101,500,2574.90434,train_env3.monitor,376,188000,-277408.76131952,500.0
-280706.795281,500,2603.640107,train_env0.monitor,377,188500,-277371.1636524,500.0
-302593.634586,500,2604.812042,train_env1.monitor,378,189000,-277837.91711864,500.0
-353306.389752,500,2605.945296,train_env2.monitor,379,189500,-279200.21871002,500.0
-278311.751683,500,2607.072784,train_env3.monitor,380,190000,-278475.59321396,500.0
-313987.025768,500,2652.449533,train_env0.monitor,381,190500,-278599.15108646,500.0
-343617.855101,500,2653.6465,train_env1.monitor,382,191000,-279816.95487538,500.0
-441144.756383,500,2654.803762,train_env2.monitor,383,191500,-283227.63171657996,500.0
-271968.923375,500,2655.987032,train_env3.monitor,384,192000,-282634.13785828004,500.0
-291661.864035,500,2671.626426,train_env0.monitor,385,192500,-282739.54254088,500.0
-307644.449789,500,2672.800342,train_env1.monitor,386,193000,-284233.85219976003,500.0
-263467.074276,500,2673.972577,train_env2.monitor,387,193500,-283151.57531262,500.0
-245655.403651,500,2675.126727,train_env3.monitor,388,194000,-282389.76787926,500.0
-305861.491571,500,2690.660727,train_env0.monitor,389,194500,-282692.66087218,500.0
-273179.293492,500,2691.867658,train_env1.monitor,390,195000,-282696.32533354,500.0
-295828.263965,500,2693.014852,train_env2.monitor,391,195500,-283366.10143465997,500.0
-265997.678149,500,2694.205786,train_env3.monitor,392,196000,-282699.8460126,500.0
-322009.496732,500,2715.256336,train_env0.monitor,393,196500,-282842.37825812004,500.0
-296216.834161,500,2715.736779,train_env1.monitor,394,197000,-283214.83732128004,500.0
-381976.876968,500,2716.203102,train_env2.monitor,395,197500,-284007.46976468,500.0
-293795.666255,500,2716.74318,train_env3.monitor,396,198000,-283798.02994452,500.0
-276415.098473,500,2726.094996,train_env0.monitor,397,198500,-284883.31307052,500.0
-298796.499315,500,2726.696774,train_env1.monitor,398,199000,-285223.82045356004,500.0
-314119.183804,500,2727.149457,train_env2.monitor,399,199500,-286160.07597198,500.0
-246751.73918,500,2727.584833,train_env3.monitor,400,200000,-285898.0116202,500.0
-327644.583716,500,2750.466247,train_env0.monitor,401,200500,-287837.7305462,500.0
-266539.027542,500,2750.962388,train_env1.monitor,402,201000,-287824.0889516,500.0
-255240.90393,500,2751.320148,train_env2.monitor,403,201500,-287495.837509,500.0
-265458.071182,500,2751.800956,train_env3.monitor,404,202000,-287362.52100808005,500.0
-313973.34659,500,2761.816454,train_env0.monitor,405,202500,-288557.71803728,500.0
-389075.736484,500,2762.466447,train_env1.monitor,406,203000,-291989.89268756,500.0
-270506.344265,500,2763.078391,train_env2.monitor,407,203500,-291909.01141736,500.0
-263700.658548,500,2763.648773,train_env3.monitor,408,204000,-290848.79161902005,500.0
-351368.557678,500,2786.553473,train_env0.monitor,409,204500,-291346.00486416003,500.0
-305085.120575,500,2787.395659,train_env1.monitor,410,205000,-291228.88653796,500.0
-285073.572898,500,2788.08886,train_env2.monitor,411,205500,-289736.95757882,500.0
-290424.483637,500,2788.675944,train_env3.monitor,412,206000,-289816.77432654,500.0
-366790.902223,500,2798.529243,train_env0.monitor,413,206500,-289604.51488484,500.0
-287792.681159,500,2799.267914,train_env1.monitor,414,207000,-290445.99179382,500.0
-255229.285367,500,2799.88057,train_env2.monitor,415,207500,-290106.32722438,500.0
-304478.28033,500,2800.377266,train_env3.monitor,416,208000,-290843.4991039,500.0
-241805.131291,500,2810.667021,train_env0.monitor,417,208500,-289488.51261458005,500.0
-263365.77977,500,2811.186761,train_env1.monitor,418,209000,-289704.33793972,500.0
-269505.159751,500,2811.635772,train_env2.monitor,419,209500,-289740.50621892,500.0
-274148.985433,500,2812.129829,train_env3.monitor,420,210000,-289739.94186424,500.0
-250151.199495,500,2834.621253,train_env0.monitor,421,210500,-291230.35116286,500.0
-279888.255528,500,2835.049832,train_env1.monitor,422,211000,-293323.58847446,500.0
-282007.358759,500,2835.357001,train_env2.monitor,423,211500,-293257.34556698,500.0
-403849.290939,500,2835.736233,train_env3.monitor,424,212000,-295048.02326017997,500.0
-239980.819362,500,2847.447697,train_env0.monitor,425,212500,-295337.57446414,500.0
-225960.604305,500,2847.740359,train_env1.monitor,426,213000,-295881.16373004,500.0
-238612.162843,500,2847.966598,train_env2.monitor,427,213500,-295039.27108128,500.0
-238742.558756,500,2848.196141,train_env3.monitor,428,214000,-293762.24956468004,500.0
-220389.781203,500,2853.956131,train_env0.monitor,429,214500,-291103.9173937,500.0
-239520.031545,500,2854.207486,train_env1.monitor,430,215000,-290328.08299093996,500.0
-289596.733472,500,2854.444244,train_env2.monitor,431,215500,-289840.27714502,500.0
-243917.111904,500,2854.707732,train_env3.monitor,432,216000,-287846.26228108,500.0
-246401.428649,500,2860.272029,train_env0.monitor,433,216500,-283951.3957264,500.0
-274352.4696,500,2860.590927,train_env1.monitor,434,217000,-283999.0666509,500.0
-259202.654829,500,2860.883407,train_env2.monitor,435,217500,-283349.88246678,500.0
-323704.220434,500,2861.203585,train_env3.monitor,436,218000,-283671.07787968,500.0
-253894.056946,500,2866.521583,train_env0.monitor,437,218500,-283479.61753308,500.0
-260058.448647,500,2866.780713,train_env1.monitor,438,219000,-283767.678433,500.0
-259373.761189,500,2867.049568,train_env2.monitor,439,219500,-282837.92382536,500.0
-208053.878393,500,2867.275566,train_env3.monitor,440,220000,-281535.41552338,500.0
-296176.070916,500,2887.990816,train_env0.monitor,441,220500,-281542.37166239996,500.0
-322441.558425,500,2888.24039,train_env1.monitor,442,221000,-282671.24926792,500.0
-215660.379077,500,2888.465331,train_env2.monitor,443,221500,-280544.26691482,500.0
-256542.124423,500,2888.749924,train_env3.monitor,444,222000,-279750.77272006,500.0
-283445.941194,500,2893.97761,train_env0.monitor,445,222500,-277780.15400458,500.0
-336270.331262,500,2894.234705,train_env1.monitor,446,223000,-278629.64730472,500.0
-277217.70691,500,2894.448993,train_env2.monitor,447,223500,-278645.69947346,500.0
-272989.663124,500,2894.667992,train_env3.monitor,448,224000,-278129.56274964,500.0
-187168.995614,500,2899.659708,train_env0.monitor,449,224500,-275590.55898584,500.0
-290572.609708,500,2899.916335,train_env1.monitor,450,225000,-276466.9763964,500.0
-285423.222416,500,2900.220669,train_env2.monitor,451,225500,-275622.5491704,500.0
-283939.687162,500,2900.502309,train_env3.monitor,452,226000,-275970.5623628,500.0
-335872.420682,500,2907.451847,train_env0.monitor,453,226500,-277583.19269784004,500.0
-252719.7334,500,2908.319577,train_env1.monitor,454,227000,-277328.4259422,500.0
-308590.18076,500,2909.216512,train_env2.monitor,455,227500,-277220.7626256,500.0
-204609.937786,500,2910.06057,train_env3.monitor,456,228000,-273531.44665164,500.0
-230716.141703,500,2936.950169,train_env0.monitor,457,228500,-272735.6426004,500.0
-183884.90537,500,2937.946154,train_env1.monitor,458,229000,-271139.32753684,500.0
-208569.636462,500,2938.810578,train_env2.monitor,459,229500,-268283.34911252,500.0
-318124.730704,500,2939.615396,train_env3.monitor,460,230000,-268544.1413151,500.0
-203792.202366,500,2976.224274,train_env0.monitor,461,230500,-266918.51390446,500.0
-233913.431381,500,2977.329111,train_env1.monitor,462,231000,-265788.29285934,500.0
-281956.687176,500,2978.391846,train_env2.monitor,463,231500,-264091.6085584,500.0
-349431.240758,500,2979.356053,train_env3.monitor,464,232000,-265324.37975038,500.0
-307502.965479,500,2992.495725,train_env0.monitor,465,232500,-266369.85335262003,500.0
-184947.662874,500,2993.207261,train_env1.monitor,466,233000,-263979.2410035,500.0
-323127.061343,500,2993.781942,train_env2.monitor,467,233500,-265605.67960454,500.0
-228570.190068,500,2994.286816,train_env3.monitor,468,234000,-264909.7678105,500.0
-268328.668978,500,3006.963769,train_env0.monitor,469,234500,-264886.23799504,500.0
-260071.124399,500,3007.650563,train_env1.monitor,470,235000,-264604.68077436,500.0
-284601.730015,500,3008.280519,train_env2.monitor,471,235500,-265293.69138475996,500.0
-289166.633871,500,3008.831552,train_env3.monitor,472,236000,-265479.25895162,500.0
-228156.597325,500,3033.638669,train_env0.monitor,473,236500,-264402.24372294004,500.0
-218440.388721,500,3034.701194,train_env1.monitor,474,237000,-260694.06567858,500.0
-254550.737784,500,3035.645969,train_env2.monitor,475,237500,-260985.46404702,500.0
-262421.036398,500,3036.740359,train_env3.monitor,476,238000,-261714.67268888,500.0
-240317.793179,500,3049.767276,train_env0.monitor,477,238500,-261748.78529559998,500.0
-273641.669856,500,3050.541425,train_env1.monitor,478,239000,-262446.76751760003,500.0
-274691.159322,500,3051.227682,train_env2.monitor,479,239500,-263532.79507998,500.0
-291452.256521,500,3051.96895,train_env3.monitor,480,240000,-264571.4395795,500.0
-256302.368666,500,3087.121646,train_env0.monitor,481,240500,-263905.55228338,500.0
-303728.739801,500,3087.855407,train_env1.monitor,482,241000,-265101.78484132,500.0
-236558.187234,500,3088.509084,train_env2.monitor,483,241500,-264904.92001302,500.0
-280155.582552,500,3089.217064,train_env3.monitor,484,242000,-265020.98227206,500.0
-219411.030377,500,3101.038923,train_env0.monitor,485,242500,-264225.14978301997,500.0
-346851.317041,500,3101.383952,train_env1.monitor,486,243000,-264688.09171516,500.0
-297360.961392,500,3101.654594,train_env2.monitor,487,243500,-265557.42980408,500.0
-254889.931784,500,3101.951212,train_env3.monitor,488,244000,-265454.05946682004,500.0
-298821.786215,500,3114.15642,train_env0.monitor,489,244500,-266243.01996734,500.0
-237659.444842,500,3114.464095,train_env1.monitor,490,245000,-266835.13129632,500.0
-256391.178888,500,3114.744105,train_env2.monitor,491,245500,-266039.43345576,500.0
-324396.103143,500,3115.000663,train_env3.monitor,492,246000,-266078.52435012,500.0
-214290.179716,500,3122.385348,train_env0.monitor,493,246500,-266051.1203629,500.0
-418188.04446,500,3122.775668,train_env1.monitor,494,247000,-269284.03876364,500.0
-293179.908669,500,3123.103789,train_env2.monitor,495,247500,-269478.71811313997,500.0
-214386.894742,500,3123.563944,train_env3.monitor,496,248000,-267041.04938274,500.0
-261954.939754,500,3133.793361,train_env0.monitor,497,248500,-266735.79403962,500.0
-253885.257206,500,3134.218915,train_env1.monitor,498,249000,-266353.70592126,500.0
-218884.547306,500,3134.567383,train_env2.monitor,499,249500,-266988.0169551,500.0
-312996.779754,500,3135.001253,train_env3.monitor,500,250000,-267436.50035602,500.0
-245068.082352,500,3160.714057,train_env0.monitor,501,250500,-266629.39755474,500.0
-342406.042466,500,3161.208058,train_env1.monitor,502,251000,-267798.72466082,500.0
-201735.634984,500,3161.617321,train_env2.monitor,503,251500,-265115.98894686,500.0
-273161.403279,500,3162.025547,train_env3.monitor,504,252000,-265524.82234444,500.0
-257942.329179,500,3174.563752,train_env0.monitor,505,252500,-264511.86531282,500.0
-269463.552235,500,3174.814988,train_env1.monitor,506,253000,-265808.93760179996,500.0
-320076.482128,500,3175.055395,train_env2.monitor,507,253500,-267596.1444103,500.0
-295945.854749,500,3175.293277,train_env3.monitor,508,254000,-269837.36339788,500.0
-303389.955228,500,3180.642741,train_env0.monitor,509,254500,-271733.7697732,500.0
-308466.870679,500,3180.991931,train_env1.monitor,510,255000,-271540.6125727,500.0
-258360.023327,500,3181.222944,train_env2.monitor,511,255500,-272631.96899192,500.0
-278320.036027,500,3181.462348,train_env3.monitor,512,256000,-273520.10108484,500.0
-328553.048559,500,3186.818953,train_env0.monitor,513,256500,-274452.0283125,500.0
-276686.648564,500,3187.072357,train_env1.monitor,514,257000,-272997.13646862,500.0
-206797.296652,500,3187.36291,train_env2.monitor,515,257500,-270983.02309208,500.0
-238460.01703,500,3187.614641,train_env3.monitor,516,258000,-272053.2701752,500.0
-286650.522143,500,3193.077149,train_env0.monitor,517,258500,-271323.7393912,500.0
-246246.15793,500,3193.34358,train_env1.monitor,518,259000,-271677.25874844,500.0
-301947.735388,500,3193.614705,train_env2.monitor,519,259500,-272349.64007664,500.0
-244504.597979,500,3193.870835,train_env3.monitor,520,260000,-272038.30954824,500.0
-300098.494032,500,3211.446852,train_env0.monitor,521,260500,-272348.24482858,500.0
-294891.113303,500,3211.869064,train_env1.monitor,522,261000,-272462.73441722,500.0
-290818.613305,500,3212.198437,train_env2.monitor,523,261500,-273715.97473682,500.0
-240047.715209,500,3212.472523,train_env3.monitor,524,262000,-274148.12126658,500.0
-300113.43158,500,3225.413419,train_env0.monitor,525,262500,-275059.37514250004,500.0
-266072.876672,500,3225.713994,train_env1.monitor,526,263000,-275132.41194798,500.0
-292798.436362,500,3226.012569,train_env2.monitor,527,263500,-276182.02481164003,500.0
-270665.166798,500,3226.252375,train_env3.monitor,528,264000,-276122.49475048,500.0
-331043.195905,500,3232.046716,train_env0.monitor,529,264500,-277249.53548214,500.0
-241436.80816,500,3232.305797,train_env1.monitor,530,265000,-276249.22651492,500.0
-262525.45883,500,3232.562777,train_env2.monitor,531,265500,-276373.6883182,500.0
-276702.438754,500,3232.799326,train_env3.monitor,532,266000,-275833.16229726,500.0
-233318.674757,500,3238.369036,train_env0.monitor,533,266500,-275768.37204772,500.0
-318817.047042,500,3238.617279,train_env1.monitor,534,267000,-276541.60133752,500.0
-225162.998411,500,3238.841986,train_env2.monitor,535,267500,-276656.64069820003,500.0
-227933.229391,500,3239.109243,train_env3.monitor,536,268000,-274278.27894519997,500.0
-279012.161012,500,3244.282037,train_env0.monitor,537,268500,-273911.3029376,500.0
-292367.658991,500,3244.623323,train_env1.monitor,538,269000,-274660.85748173995,500.0
-304542.324165,500,3244.901278,train_env2.monitor,539,269500,-274775.26824074,500.0
-294793.533856,500,3245.163987,train_env3.monitor,540,270000,-275917.95002101996,500.0
-186009.969698,500,3266.320238,train_env0.monitor,541,270500,-274510.32583722,500.0
-254250.948901,500,3266.616383,train_env1.monitor,542,271000,-273107.42275238,500.0
-248377.61988,500,3267.033483,train_env2.monitor,543,271500,-273789.17155565997,500.0
-282909.438305,500,3267.392311,train_env3.monitor,544,272000,-271083.59943256,500.0
-213356.652528,500,3272.805083,train_env0.monitor,545,272500,-269487.13430974004,500.0
-267636.639535,500,3273.057394,train_env1.monitor,546,273000,-270552.1292056,500.0
-278658.688949,500,3273.279983,train_env2.monitor,547,273500,-270886.2041895,500.0
-237832.039127,500,3273.511194,train_env3.monitor,548,274000,-270565.13982791995,500.0
-207377.461707,500,3280.119935,train_env0.monitor,549,274500,-270334.99811594,500.0
-222595.297562,500,3280.614254,train_env1.monitor,550,275000,-268526.96847210004,500.0
-299722.274762,500,3281.227288,train_env2.monitor,551,275500,-269620.05232029996,500.0
-274571.214726,500,3281.826884,train_env3.monitor,552,276000,-268263.3557655,500.0
-264593.652198,500,3289.011621,train_env0.monitor,553,276500,-269520.51610978,500.0
-218620.875006,500,3289.493103,train_env1.monitor,554,277000,-268429.70554432,500.0
-265478.929614,500,3289.80282,train_env2.monitor,555,277500,-268580.43755302,500.0
-260372.682628,500,3290.08729,train_env3.monitor,556,278000,-268398.62016088,500.0
-273529.026517,500,3309.26294,train_env0.monitor,557,278500,-267467.67104866,500.0
-181718.293128,500,3309.9857,train_env1.monitor,558,279000,-265183.11981624,500.0
-318514.903746,500,3310.519168,train_env2.monitor,559,279500,-265485.6187866,500.0
-238974.227857,500,3310.867086,train_env3.monitor,560,280000,-264095.76593016,500.0
-268010.538752,500,3326.120996,train_env0.monitor,561,280500,-264288.77623866,500.0
-306923.465124,500,3326.397742,train_env1.monitor,562,281000,-264860.8448206,500.0
-264069.98789,500,3326.631472,train_env2.monitor,563,281500,-263571.18360721995,500.0
-339771.754578,500,3326.851344,train_env3.monitor,564,282000,-264832.88572749996,500.0
-213731.949365,500,3331.765251,train_env0.monitor,565,282500,-264971.57878176,500.0
-290971.631973,500,3332.0249,train_env1.monitor,566,283000,-266021.81108062004,500.0
-209157.453879,500,3332.251729,train_env2.monitor,567,283500,-264471.94971534,500.0
-293298.745091,500,3332.483419,train_env3.monitor,568,284000,-265413.00145856,500.0
-284830.131245,500,3338.060383,train_env0.monitor,569,284500,-265070.64937570004,500.0
-222762.452617,500,3338.347076,train_env1.monitor,570,285000,-264635.80646846,500.0
-231502.955097,500,3338.586663,train_env2.monitor,571,285500,-263263.89568976,500.0
-233556.819599,500,3338.820918,train_env3.monitor,572,286000,-262037.20981567996,500.0
-198477.929149,500,3351.533216,train_env0.monitor,573,286500,-260190.39613256,500.0
-297258.87787,500,3351.825504,train_env1.monitor,574,287000,-261334.61938578,500.0
-332916.955357,500,3352.060808,train_env2.monitor,575,287500,-261990.68986132,500.0
-196485.240561,500,3352.28893,train_env3.monitor,576,288000,-260598.9371391,500.0
-158573.807457,500,3357.707496,train_env0.monitor,577,288500,-257914.44456099998,500.0
-261602.364473,500,3357.978354,train_env1.monitor,578,289000,-257733.1885145,500.0
-296556.272993,500,3358.206647,train_env2.monitor,579,289500,-257043.45005626002,500.0
-277144.633078,500,3358.442089,train_env3.monitor,580,290000,-257757.60655462,500.0
-264525.584292,500,3374.498403,train_env0.monitor,581,290500,-257797.60906386,500.0
-306794.274195,500,3374.835516,train_env1.monitor,582,291000,-258399.44577268002,500.0
-190648.710174,500,3375.14823,train_env2.monitor,583,291500,-257546.04648102,500.0
-278193.075534,500,3375.480825,train_env3.monitor,584,292000,-256733.56705086,500.0
-278508.893706,500,3381.373505,train_env0.monitor,585,292500,-257800.48495676,500.0
-242806.541722,500,3381.6339,train_env1.monitor,586,293000,-258097.95120338,500.0
-261655.944031,500,3381.975003,train_env2.monitor,587,293500,-257750.82686376,500.0
-264045.338946,500,3382.30812,train_env3.monitor,588,294000,-257184.38046286002,500.0
-204068.720566,500,3395.014265,train_env0.monitor,589,294500,-255174.90839087998,500.0
-331425.133118,500,3395.453866,train_env1.monitor,590,295000,-255907.54037611999,500.0
-206058.779381,500,3395.879813,train_env2.monitor,591,295500,-256308.51656978,500.0
-278062.32359,500,3396.217518,train_env3.monitor,592,296000,-256784.74406356,500.0
-203310.069694,500,3402.367258,train_env0.monitor,593,296500,-255883.39305984002,500.0
-242581.524653,500,3402.608964,train_env1.monitor,594,297000,-255076.8347868,500.0
-243171.86319,500,3402.873224,train_env2.monitor,595,297500,-255673.13900003998,500.0
-209059.692768,500,3403.147553,train_env3.monitor,596,298000,-254501.60006470003,500.0
-256754.118932,500,3408.83897,train_env0.monitor,597,298500,-254063.50866436,500.0
-284003.293105,500,3409.079105,train_env1.monitor,598,299000,-254986.93374392003,500.0
-293853.859973,500,3409.329838,train_env2.monitor,599,299500,-256716.46170923996,500.0
-211843.874241,500,3409.609613,train_env3.monitor,600,300000,-256501.43324281997,500.0
-209898.215382,500,3427.184959,train_env0.monitor,601,300500,-254704.95205522,500.0
-262544.86863,500,3427.591645,train_env1.monitor,602,301000,-254464.42513329998,500.0
-347884.124032,500,3428.004039,train_env2.monitor,603,301500,-256130.23456997998,500.0
-232890.835237,500,3428.307519,train_env3.monitor,604,302000,-256415.6337746,500.0
-200701.966412,500,3440.922606,train_env0.monitor,605,302500,-255120.09451056,500.0
-292739.579744,500,3441.355842,train_env1.monitor,606,303000,-255767.43245288,500.0
-258262.475283,500,3441.640338,train_env2.monitor,607,303500,-255462.1014282,500.0
-306994.927873,500,3441.94031,train_env3.monitor,608,304000,-257967.63412309997,500.0
-298511.805907,500,3447.66279,train_env0.monitor,609,304500,-257567.57216632002,500.0
-290843.140056,500,3447.999616,train_env1.monitor,610,305000,-258604.95041030002,500.0
-301577.229121,500,3448.338106,train_env2.monitor,611,305500,-259276.28421768,500.0
-294454.581826,500,3448.636955,train_env3.monitor,612,306000,-259026.90655172,500.0
-432262.462323,500,3455.115629,train_env0.monitor,613,306500,-262390.75604038,500.0
-217614.346476,500,3456.947663,train_env1.monitor,614,307000,-259947.60787834,500.0
-248444.070752,500,3457.883667,train_env2.monitor,615,307500,-260641.85030607998,500.0
-249435.110298,500,3458.199806,train_env3.monitor,616,308000,-259811.11987258,500.0
-260522.283165,500,3470.189208,train_env0.monitor,617,308500,-260838.41645830002,500.0
-283537.044365,500,3470.582219,train_env1.monitor,618,309000,-260643.18244378,500.0
-249019.255764,500,3470.876899,train_env2.monitor,619,309500,-259926.96493416,500.0
-232089.102204,500,3471.20179,train_env3.monitor,620,310000,-260113.4979259,500.0
-273215.5576,500,3508.958728,train_env0.monitor,621,310500,-260947.74997596,500.0
-263350.495574,500,3509.620484,train_env1.monitor,622,311000,-261543.62349546,500.0
-240912.282241,500,3510.147812,train_env2.monitor,623,311500,-262392.3105573,500.0
-223465.639452,500,3510.67231,train_env3.monitor,624,312000,-260916.44578894,500.0
-409403.500322,500,3520.694231,train_env0.monitor,625,312500,-262446.17668823997,500.0
-262910.873928,500,3521.05199,train_env1.monitor,626,313000,-263774.68935557996,500.0
-213941.509508,500,3521.303723,train_env2.monitor,627,313500,-264882.0433966,500.0
-152343.28998,500,3521.54466,train_env3.monitor,628,314000,-262696.86190674,500.0
-274488.98063,500,3527.609104,train_env0.monitor,629,314500,-262255.51605948,500.0
-254798.489709,500,3527.908226,train_env1.monitor,630,315000,-261808.5931921,500.0
-240724.334241,500,3528.14019,train_env2.monitor,631,315500,-261332.56819108,500.0
-263047.554811,500,3528.40266,train_env3.monitor,632,316000,-260457.63380339998,500.0
-239180.92291,500,3533.961543,train_env0.monitor,633,316500,-261428.27805811996,500.0
-272429.068316,500,3534.25762,train_env1.monitor,634,317000,-261312.99791376002,500.0
-193661.576714,500,3534.515364,train_env2.monitor,635,317500,-259616.05157391998,500.0
-162312.11207,500,3534.777311,train_env3.monitor,636,318000,-258006.16298088,500.0
-262125.508318,500,3545.92787,train_env0.monitor,637,318500,-258015.55426662,500.0
-247449.926769,500,3546.231429,train_env1.monitor,638,319000,-257683.64602308,500.0
-239853.980875,500,3546.48735,train_env2.monitor,639,319500,-258399.35122926,500.0
-254356.49504,500,3546.747169,train_env3.monitor,640,320000,-256857.97846769998,500.0
-258618.063482,500,3563.026816,train_env0.monitor,641,320500,-257909.16414972,500.0
-270734.410472,500,3563.368819,train_env1.monitor,642,321000,-257762.60588736003,500.0
-311300.232771,500,3563.716636,train_env2.monitor,643,321500,-259922.40914889998,500.0
-255522.866798,500,3564.091561,train_env3.monitor,644,322000,-260181.23599180003,500.0
-372951.041756,500,3570.166835,train_env0.monitor,645,322500,-262776.81956311996,500.0
-401249.344348,500,3570.498438,train_env1.monitor,646,323000,-266620.61259472,500.0
-227145.838229,500,3570.885995,train_env2.monitor,647,323500,-266028.44698066,500.0
-254663.0248,500,3571.245227,train_env3.monitor,648,324000,-265441.64161456,500.0
-271242.666415,500,3577.007529,train_env0.monitor,649,324500,-264989.4177434,500.0
-305786.79327,500,3577.344895,train_env1.monitor,650,325000,-266868.27612398,500.0
-265827.709349,500,3577.708434,train_env2.monitor,651,325500,-267986.86600331997,500.0
-255700.878265,500,3578.098018,train_env3.monitor,652,326000,-267849.98619602004,500.0
-256051.70808,500,3589.959735,train_env0.monitor,653,326500,-266013.33787698,500.0
-283981.983244,500,3590.256279,train_env1.monitor,654,327000,-267035.16083712,500.0
-307210.153202,500,3590.497854,train_env2.monitor,655,327500,-269165.32457292004,500.0
-291200.19017,500,3590.79596,train_env3.monitor,656,328000,-269134.53678144,500.0
-304812.702537,500,3596.143756,train_env0.monitor,657,328500,-270065.54132652,500.0
-253618.807651,500,3596.442413,train_env1.monitor,658,329000,-268998.01892208,500.0
-202874.283643,500,3596.665092,train_env2.monitor,659,329500,-267085.2684768,500.0
-284329.381864,500,3596.885658,train_env3.monitor,660,330000,-266954.99331296,500.0
-242289.051251,500,3613.181607,train_env0.monitor,661,330500,-265769.22975556,500.0
-311517.692003,500,3613.661055,train_env1.monitor,662,331000,-266110.4919591,500.0
-231141.423376,500,3614.112076,train_env2.monitor,663,331500,-262088.07118016,500.0
-181380.761792,500,3614.541952,train_env3.monitor,664,332000,-261363.39948648002,500.0
-228277.856586,500,3620.357415,train_env0.monitor,665,332500,-260960.07520316,500.0
-273381.752364,500,3620.689366,train_env1.monitor,666,333000,-261439.00804448,500.0
-168621.660755,500,3620.9841,train_env2.monitor,667,333500,-259600.99559627997,500.0
-321382.739113,500,3621.287566,train_env3.monitor,668,334000,-260357.90949123996,500.0
-259024.276665,500,3632.827013,train_env0.monitor,669,334500,-260558.00990925997,500.0
-174223.802433,500,3633.108037,train_env1.monitor,670,335000,-259400.70391384003,500.0
-254481.053813,500,3633.350951,train_env2.monitor,671,335500,-259026.01383809999,500.0
-273990.619917,500,3633.602954,train_env3.monitor,672,336000,-259238.81632496,500.0
-193158.648366,500,3639.094981,train_env0.monitor,673,336500,-258283.74364746,500.0
-238153.792621,500,3639.385678,train_env1.monitor,674,337000,-258577.50671083998,500.0
-253458.802268,500,3639.645563,train_env2.monitor,675,337500,-255458.61274976,500.0
-283442.674746,500,3640.064318,train_env3.monitor,676,338000,-255869.24876612,500.0
-218833.778506,500,3645.674762,train_env0.monitor,677,338500,-255967.09414608002,500.0
-305194.62567,500,3645.96402,train_env1.monitor,678,339000,-259024.12085988,500.0
-308158.871867,500,3646.220738,train_env2.monitor,679,339500,-259697.51868462,500.0
-273753.110627,500,3646.454794,train_env3.monitor,680,340000,-260076.61110298,500.0
-264470.204809,500,3661.708126,train_env0.monitor,681,340500,-260551.52851434,500.0
-272985.524435,500,3662.097429,train_env1.monitor,682,341000,-260750.28790681998,500.0
-240674.593467,500,3662.43714,train_env2.monitor,683,341500,-260780.16131796,500.0
-243130.955215,500,3662.721521,train_env3.monitor,684,342000,-260194.19905594,500.0
-261139.342066,500,3668.921237,train_env0.monitor,685,342500,-261543.75436298,500.0
-190577.767971,500,3669.233723,train_env1.monitor,686,343000,-262109.067481,500.0
-284831.29548,500,3669.594137,train_env2.monitor,687,343500,-262563.18322424,500.0
-200252.868387,500,3670.015642,train_env3.monitor,688,344000,-261619.2420566,500.0
-153154.615471,500,3681.192373,train_env0.monitor,689,344500,-259885.25474852,500.0
-241090.051895,500,3681.528049,train_env1.monitor,690,345000,-259619.92588561997,500.0
-295765.683216,500,3681.776047,train_env2.monitor,691,345500,-260362.87828029998,500.0
-192607.605165,500,3682.00762,train_env3.monitor,692,346000,-258800.34217416,500.0
-207948.456872,500,3687.581378,train_env0.monitor,693,346500,-256733.30665617998,500.0
-261977.948602,500,3687.831555,train_env1.monitor,694,347000,-256862.40829226,500.0
-226475.371875,500,3688.077832,train_env2.monitor,695,347500,-253932.89489464,500.0
-217304.477094,500,3688.364787,train_env3.monitor,696,348000,-250253.99754956,500.0
-192577.04467,500,3694.18507,train_env0.monitor,697,348500,-249562.62167838,500.0
-276612.384778,500,3694.440287,train_env1.monitor,698,349000,-250001.60887794,500.0
-327122.42309,500,3694.668497,train_env2.monitor,699,349500,-251119.20401144002,500.0
-254361.42122,500,3694.929652,train_env3.monitor,700,350000,-250090.69657043996,500.0
-216598.668051,500,3711.262128,train_env0.monitor,701,350500,-249106.11574448002,500.0
-316307.187672,500,3711.574099,train_env1.monitor,702,351000,-250318.24193262,500.0
-225677.829172,500,3711.922728,train_env2.monitor,703,351500,-249710.76435446003,500.0
-271216.503343,500,3712.357416,train_env3.monitor,704,352000,-249455.45475644,500.0
-289974.555494,500,3723.802815,train_env0.monitor,705,352500,-249110.74280228,500.0
-286098.660508,500,3724.080614,train_env1.monitor,706,353000,-249008.71220904,500.0
-180057.497506,500,3724.306939,train_env2.monitor,707,353500,-246513.60810842,500.0
-229624.384054,500,3724.633452,train_env3.monitor,708,354000,-246033.71963647997,500.0
-287158.869445,500,3730.71792,train_env0.monitor,709,354500,-247719.41135252,500.0
-318640.609042,500,3731.072653,train_env1.monitor,710,355000,-248405.63589608,500.0
-305170.974216,500,3731.448875,train_env2.monitor,711,355500,-249663.27435538,500.0
-253473.627853,500,3731.702393,train_env3.monitor,712,356000,-248502.39307238,500.0
-254923.480592,500,3737.469469,train_env0.monitor,713,356500,-248978.0342167,500.0
-255936.329252,500,3737.83405,train_env1.monitor,714,357000,-250469.1455659,500.0
-295425.755846,500,3738.159806,train_env2.monitor,715,357500,-251812.10355109998,500.0
-292920.142881,500,3738.477638,train_env3.monitor,716,358000,-252202.87136143996,500.0
-226551.4551,500,3744.555027,train_env0.monitor,717,358500,-253361.46724834,500.0
-303415.317661,500,3744.832027,train_env1.monitor,718,359000,-253002.1188193,500.0
-245855.483359,500,3745.130626,train_env2.monitor,719,359500,-252738.74295318,500.0
-196709.584419,500,3745.469317,train_env3.monitor,720,360000,-253188.4585929,500.0
-301126.527987,500,3768.089405,train_env0.monitor,721,360500,-254121.36807638,500.0
-300665.11366,500,3768.33854,train_env1.monitor,722,361000,-254654.85795124003,500.0
-231005.063,500,3768.583201,train_env2.monitor,723,361500,-255411.78624391998,500.0
-348671.247286,500,3768.85169,train_env3.monitor,724,362000,-257622.13533722,500.0
-305703.107645,500,3774.231438,train_env0.monitor,725,362500,-258667.02144476,500.0
-211515.98379,500,3774.483299,train_env1.monitor,726,363000,-257228.48762564,500.0
-337147.129233,500,3774.751571,train_env2.monitor,727,363500,-259594.75464017998,500.0
-242640.677615,500,3775.002801,train_env3.monitor,728,364000,-258343.67567908,500.0
-283339.82829,500,3780.245032,train_env0.monitor,729,364500,-257847.29480754,500.0
-249227.232207,500,3780.50422,train_env1.monitor,730,365000,-257356.77723914,500.0
-328095.108694,500,3780.727566,train_env2.monitor,731,365500,-258629.27531683995,500.0
-268416.009483,500,3780.996538,train_env3.monitor,732,366000,-258537.8850178,500.0
-236551.866427,500,3786.639988,train_env0.monitor,733,366500,-258455.430477,500.0
-316536.315341,500,3786.900121,train_env1.monitor,734,367000,-259923.53767952,500.0
-244608.425746,500,3787.188348,train_env2.monitor,735,367500,-259592.91935312003,500.0
-302403.965329,500,3787.425421,train_env3.monitor,736,368000,-261829.44330027996,500.0
-260710.31508,500,3798.677344,train_env0.monitor,737,368500,-261347.02369227997,500.0
-288617.923277,500,3798.931144,train_env1.monitor,738,369000,-263114.32479008,500.0
-258155.139283,500,3799.174428,train_env2.monitor,739,369500,-265214.33526632,500.0
-257050.634633,500,3799.45383,train_env3.monitor,740,370000,-265533.54692108004,500.0
-339136.923817,500,3815.205249,train_env0.monitor,741,370500,-266400.9717331,500.0
-196120.838215,500,3815.698383,train_env1.monitor,742,371000,-266471.2363941,500.0
-261444.711573,500,3816.050912,train_env2.monitor,743,371500,-267541.16148812,500.0
-270726.680741,500,3816.429628,train_env3.monitor,744,372000,-267716.1361309,500.0
-219389.443007,500,3822.484967,train_env0.monitor,745,372500,-267574.41755354,500.0
-316966.322818,500,3822.789923,train_env1.monitor,746,373000,-269567.65446802,500.0
-220981.185345,500,3823.116593,train_env2.monitor,747,373500,-270135.73728152,500.0
-352036.503713,500,3823.498462,train_env3.monitor,748,374000,-271644.21966021997,500.0
-283467.985569,500,3829.570947,train_env0.monitor,749,374500,-270771.1309098,500.0
-227412.490836,500,3829.927681,train_env1.monitor,750,375000,-270232.15230212006,500.0
-250793.27439,500,3830.333073,train_env2.monitor,751,375500,-270916.0444289,500.0
-290975.95895,500,3830.758225,train_env3.monitor,752,376000,-270409.41985446,500.0
-274138.806039,500,3842.279163,train_env0.monitor,753,376500,-271378.6393918,500.0
-321095.084879,500,3842.544652,train_env1.monitor,754,377000,-272376.21102252,500.0
-306425.05328,500,3842.886249,train_env2.monitor,755,377500,-272705.22097824,500.0
-250243.777281,500,3843.13928,train_env3.monitor,756,378000,-271988.1233137,500.0
-288785.156478,500,3848.968238,train_env0.monitor,757,378500,-274162.67649314,500.0
-221222.21459,500,3849.358379,train_env1.monitor,758,379000,-273994.63310385996,500.0
-190613.185738,500,3849.69745,train_env2.monitor,759,379500,-272063.71942972,500.0
-256458.198515,500,3850.001393,train_env3.monitor,760,380000,-270820.07121918,500.0
-223886.021595,500,3866.764227,train_env0.monitor,761,380500,-269194.37216676,500.0
-235127.298933,500,3867.097734,train_env1.monitor,762,381000,-268827.44558836,500.0
-287039.808295,500,3867.436631,train_env2.monitor,763,381500,-269469.77214241994,500.0
-234709.325365,500,3867.731004,train_env3.monitor,764,382000,-269045.23206468,500.0
-308434.742426,500,3873.655832,train_env0.monitor,765,382500,-269305.41179628,500.0
-230604.317322,500,3873.940308,train_env1.monitor,766,383000,-268059.0952851,500.0
-252521.783667,500,3874.253969,train_env2.monitor,767,383500,-268578.50185644,500.0
-238160.461842,500,3874.636382,train_env3.monitor,768,384000,-267273.40474006,500.0
-202430.526479,500,3886.140063,train_env0.monitor,769,384500,-266404.90560246,500.0
-256378.99763,500,3886.411857,train_env1.monitor,770,385000,-267598.29386668,500.0
-206572.23996,500,3886.659606,train_env2.monitor,771,385500,-265707.20810614,500.0
-315057.924822,500,3886.918589,train_env3.monitor,772,386000,-265995.06432938,500.0
-266867.526037,500,3892.780245,train_env0.monitor,773,386500,-266712.31359012,500.0
-293436.996996,500,3893.094741,train_env1.monitor,774,387000,-265607.62858431996,500.0
-186650.709048,500,3893.32085,train_env2.monitor,775,387500,-263226.58061238,500.0
-243317.477217,500,3893.578561,train_env3.monitor,776,388000,-263862.61048092,500.0
-323423.175735,500,3899.173945,train_env0.monitor,777,388500,-263588.13141096,500.0
-261854.292841,500,3899.445365,train_env1.monitor,778,389000,-263972.40371548,500.0
-241658.407715,500,3899.762971,train_env2.monitor,779,389500,-263138.77530398,500.0
-252414.135483,500,3900.019767,train_env3.monitor,780,390000,-263202.51336949994,500.0
-287187.621589,500,3915.720736,train_env0.monitor,781,390500,-262384.3636274,500.0
-260139.957392,500,3916.079525,train_env1.monitor,782,391000,-262218.84258558,500.0
-241539.764757,500,3916.481664,train_env2.monitor,783,391500,-262318.60055218,500.0
-271546.969155,500,3916.826909,train_env3.monitor,784,392000,-261418.81362846002,500.0
-279676.323709,500,3928.983832,train_env0.monitor,785,392500,-262120.17158772,500.0
-162939.514327,500,3929.334051,train_env1.monitor,786,393000,-259330.88256768,500.0
-186046.339165,500,3929.628617,train_env2.monitor,787,393500,-257837.60304938,500.0
-270724.84671,500,3929.894487,train_env3.monitor,788,394000,-257479.74151804,500.0
-282620.671746,500,3935.351238,train_env0.monitor,789,394500,-257969.05216730002,500.0
-219407.949744,500,3935.731477,train_env1.monitor,790,395000,-257216.19846952,500.0
-269267.621643,500,3936.032634,train_env2.monitor,791,395500,-255818.81242604004,500.0
-223229.835216,500,3936.349664,train_env3.monitor,792,396000,-256360.99236605997,500.0
-280967.627608,500,3941.719598,train_env0.monitor,793,396500,-256751.45068676,500.0
-268173.524052,500,3942.060742,train_env1.monitor,794,397000,-256700.38755297998,500.0
-273931.896145,500,3942.313689,train_env2.monitor,795,397500,-257791.23661574,500.0
-172467.617947,500,3942.560371,train_env3.monitor,796,398000,-254901.26251832,500.0
-305244.948325,500,3948.078536,train_env0.monitor,797,398500,-256586.53777792,500.0
-255045.674322,500,3948.374621,train_env1.monitor,798,399000,-254646.72119009998,500.0
-208132.782114,500,3948.596965,train_env2.monitor,799,399500,-253140.01712099998,500.0
-188685.099164,500,3948.850816,train_env3.monitor,800,400000,-252365.46928755997,500.0
-176112.885256,500,3970.587689,train_env0.monitor,801,400500,-250871.86150488,500.0
-210003.943013,500,3970.924973,train_env1.monitor,802,401000,-249252.42118613998,500.0
-240846.15444,500,3971.336283,train_env2.monitor,803,401500,-248586.56815416002,500.0
-218030.241941,500,3971.638673,train_env3.monitor,804,402000,-246525.2712954,500.0
-291920.155639,500,3977.700738,train_env0.monitor,805,402500,-246235.17334257998,500.0
-273429.388698,500,3978.037708,train_env1.monitor,806,403000,-246698.88557091999,500.0
-247939.951628,500,3978.323185,train_env2.monitor,807,403500,-245881.98147392002,500.0
-177387.498425,500,3978.57372,train_env3.monitor,808,404000,-245005.28715062005,500.0
-256371.258189,500,3984.807074,train_env0.monitor,809,404500,-246320.44859964,500.0
-324183.015204,500,3985.158295,train_env1.monitor,810,405000,-247674.94493342002,500.0
-209475.759644,500,3985.474531,train_env2.monitor,811,405500,-247386.73969440002,500.0
-266550.00904,500,3985.779243,train_env3.monitor,812,406000,-248015.19389654,500.0
-235267.384119,500,3991.35851,train_env0.monitor,813,406500,-246979.74541302002,500.0
-169920.022753,500,3991.716957,train_env1.monitor,814,407000,-245683.95936078002,500.0
-212303.525227,500,3991.996292,train_env2.monitor,815,407500,-243761.3350168,500.0
-199181.311862,500,3992.364686,train_env3.monitor,816,408000,-243132.8749076,500.0
-253527.38935,500,4004.235728,train_env0.monitor,817,408500,-243152.98702126,500.0
-272701.081307,500,4004.579973,train_env1.monitor,818,409000,-243843.79941056,500.0
-277900.175232,500,4004.801348,train_env2.monitor,819,409500,-245353.19238562,500.0
-313831.600505,500,4005.064849,train_env3.monitor,820,410000,-246502.24444312,500.0
-270089.37275,500,4019.134091,train_env0.monitor,821,410500,-247772.58709891996,500.0
-254559.149213,500,4019.424291,train_env1.monitor,822,411000,-246562.61158674,500.0
-266513.568605,500,4019.73174,train_env2.monitor,823,411500,-246555.53243810002,500.0
-240521.753009,500,4020.090749,train_env3.monitor,824,412000,-245497.22755836,500.0
-166402.049552,500,4026.031269,train_env0.monitor,825,412500,-245092.25436844002,500.0
-278120.223037,500,4026.318043,train_env1.monitor,826,413000,-245788.30928484,500.0
-239027.178158,500,4026.722666,train_env2.monitor,827,413500,-244100.3893333,500.0
-235756.893878,500,4027.082259,train_env3.monitor,828,414000,-243578.44135403997,500.0
-240698.720927,500,4032.710831,train_env0.monitor,829,414500,-243559.24761827997,500.0
-193440.163004,500,4033.141618,train_env1.monitor,830,415000,-242379.76816870004,500.0
-234507.46293,500,4033.481542,train_env2.monitor,831,415500,-241326.16499552,500.0
-207492.695006,500,4033.769869,train_env3.monitor,832,416000,-240273.2197478,500.0
-241399.325721,500,4045.334364,train_env0.monitor,833,416500,-240270.41096708,500.0
-196486.311997,500,4045.57214,train_env1.monitor,834,417000,-238769.19782392,500.0
-190775.249449,500,4045.798977,train_env2.monitor,835,417500,-236991.17633872,500.0
-284747.412284,500,4046.026057,train_env3.monitor,836,418000,-239427.33429786,500.0
-275074.441879,500,4051.655747,train_env0.monitor,837,418500,-241207.89635214,500.0
-235681.028049,500,4051.978872,train_env1.monitor,838,419000,-240507.01997892,500.0
-245748.97662,500,4052.22952,train_env2.monitor,839,419500,-239769.58607639998,500.0
-235948.226307,500,4052.461951,train_env3.monitor,840,420000,-240100.39160766,500.0
-280784.466282,500,4067.879873,train_env0.monitor,841,420500,-240330.72850043996,500.0
-185221.275813,500,4068.254528,train_env1.monitor,842,421000,-239570.55731238,500.0
-270059.80758,500,4068.535015,train_env2.monitor,843,421500,-239352.40091181998,500.0
-230591.757412,500,4068.896238,train_env3.monitor,844,422000,-238600.76557902002,500.0
-175070.814421,500,4074.3111,train_env0.monitor,845,422500,-236623.54394454003,500.0
-225848.659982,500,4074.737853,train_env1.monitor,846,423000,-237691.16478524,500.0
-229178.528225,500,4075.041949,train_env2.monitor,847,423500,-236169.83638324,500.0
-188183.979922,500,4075.368021,train_env3.monitor,848,424000,-234832.60249524002,500.0
-269716.930904,500,4086.678359,train_env0.monitor,849,424500,-236064.28547104,500.0
-256061.469387,500,4086.960577,train_env1.monitor,850,425000,-237411.81287549998,500.0
-280245.055937,500,4087.189624,train_env2.monitor,851,425500,-239494.45628912002,500.0
-297749.685636,500,4087.455745,train_env3.monitor,852,426000,-241249.37114158002,500.0
-230329.428253,500,4093.009377,train_env0.monitor,853,426500,-241039.03661784,500.0
-285812.722398,500,4093.217206,train_env1.monitor,854,427000,-242394.68622698,500.0
-296045.3632,500,4093.436974,train_env2.monitor,855,427500,-242477.1903782,500.0
-266584.856616,500,4093.65365,train_env3.monitor,856,428000,-242340.29973655997,500.0
-218215.314626,500,4099.781029,train_env0.monitor,857,428500,-241745.80699652003,500.0
-191380.915241,500,4100.080824,train_env1.monitor,858,429000,-242025.67533283998,500.0
-256003.956583,500,4100.336328,train_env2.monitor,859,429500,-242018.32930072,500.0
-212924.920373,500,4100.608262,train_env3.monitor,860,430000,-239793.1674041,500.0
-272820.012323,500,4117.652293,train_env0.monitor,861,430500,-241060.05245768,500.0
-207910.7748,500,4118.306042,train_env1.monitor,862,431000,-239887.26777288,500.0
-214774.490694,500,4118.902959,train_env2.monitor,863,431500,-239477.40990437998,500.0
-318913.83691,500,4119.419221,train_env3.monitor,864,432000,-242457.28618752,500.0
-267339.061222,500,4127.348195,train_env0.monitor,865,432500,-243557.99690742002,500.0
-233325.927248,500,4127.739974,train_env1.monitor,866,433000,-244240.88921514002,500.0
-290164.328382,500,4128.192029,train_env2.monitor,867,433500,-244973.62799578,500.0
-242008.17227,500,4128.596075,train_env3.monitor,868,434000,-244359.76981504,500.0
-251495.004522,500,4138.88334,train_env0.monitor,869,434500,-243831.66640083998,500.0
-286509.191092,500,4139.122257,train_env1.monitor,870,435000,-243285.21821258002,500.0
-224052.17347,500,4139.346912,train_env2.monitor,871,435500,-242364.47422698003,500.0
-192792.759494,500,4139.573204,train_env3.monitor,872,436000,-241129.14643259998,500.0
-164092.249711,500,4144.427883,train_env0.monitor,873,436500,-239080.72005472,500.0
-290004.975292,500,4144.706837,train_env1.monitor,874,437000,-240070.38450038002,500.0
-230926.867058,500,4144.986135,train_env2.monitor,875,437500,-241360.8808505,500.0
-180719.294932,500,4145.251806,train_env3.monitor,876,438000,-239412.8622884,500.0
-268603.658063,500,4150.672832,train_env0.monitor,877,438500,-240004.3918865,500.0
-207222.956835,500,4150.986542,train_env1.monitor,878,439000,-239433.71314564,500.0
-254805.5138,500,4151.260597,train_env2.monitor,879,439500,-239715.8490031,500.0
-265466.170314,500,4151.499768,train_env3.monitor,880,440000,-241156.3691493,500.0
-230863.65055,500,4168.935877,train_env0.monitor,881,440500,-241083.4929017,500.0
-195503.193609,500,4169.313681,train_env1.monitor,882,441000,-240843.70287376,500.0
-219436.405073,500,4169.704927,train_env2.monitor,883,441500,-240404.4444608,500.0
-194812.757461,500,4170.090535,train_env3.monitor,884,442000,-240370.97337008,500.0
-299563.5128,500,4183.271642,train_env0.monitor,885,442500,-242546.7386371,500.0
-276283.678568,500,4183.632636,train_env1.monitor,886,443000,-242377.46396278002,500.0
-314302.508468,500,4183.95257,train_env2.monitor,887,443500,-243162.02529456,500.0
-282050.060534,500,4184.253327,train_env3.monitor,888,444000,-244089.40594426,500.0
-271605.006933,500,4191.500405,train_env0.monitor,889,444500,-244606.52655052004,500.0
-310970.945353,500,4192.522263,train_env1.monitor,890,445000,-246106.98093144,500.0
-173590.829367,500,4193.36258,train_env2.monitor,891,445500,-243963.10819314004,500.0
-256525.400389,500,4194.328751,train_env3.monitor,892,446000,-245389.19068466,500.0
-211648.874969,500,4203.503739,train_env0.monitor,893,446500,-244220.97203244,500.0
-231842.127547,500,4204.727974,train_env1.monitor,894,447000,-244245.97943513998,500.0
-277504.822061,500,4205.876745,train_env2.monitor,895,447500,-246294.65958793997,500.0
-180606.817254,500,4207.094177,train_env3.monitor,896,448000,-245389.82273338002,500.0
-242762.854974,500,4216.858492,train_env0.monitor,897,448500,-245661.50926836004,500.0
-350245.830354,500,4217.231219,train_env1.monitor,898,449000,-248902.746277,500.0
-211918.420069,500,4217.592494,train_env2.monitor,899,449500,-247746.77606029998,500.0
-243295.935886,500,4217.896267,train_env3.monitor,900,450000,-247491.46539028,500.0
-248442.09077,500,4241.839723,train_env0.monitor,901,450500,-246855.40608693997,500.0
-255687.26747,500,4242.208218,train_env1.monitor,902,451000,-246014.15772362,500.0
-265565.909242,500,4242.436896,train_env2.monitor,903,451500,-246718.8873434,500.0
-260655.536811,500,4242.654564,train_env3.monitor,904,452000,-246215.74363166,500.0
-271525.740324,500,4248.156999,train_env0.monitor,905,452500,-245725.35117414,500.0
-286020.850712,500,4248.744761,train_env1.monitor,906,453000,-246114.07105606,500.0
-262268.637384,500,4249.134709,train_env2.monitor,907,453500,-246995.13751122,500.0
-210167.108235,500,4249.426754,train_env3.monitor,908,454000,-247370.86137110004,500.0
-215211.544716,500,4255.084301,train_env0.monitor,909,454500,-246555.01313376,500.0
-316948.406462,500,4255.368393,train_env1.monitor,910,455000,-248635.48285554,500.0
-233752.776488,500,4255.592633,train_env2.monitor,911,455500,-247854.13813884,500.0
-243080.437012,500,4255.842119,train_env3.monitor,912,456000,-248557.53138308,500.0
-360346.323054,500,4260.619858,train_env0.monitor,913,456500,-251468.96803028,500.0
-234302.510812,500,4260.907977,train_env1.monitor,914,457000,-249776.74150832,500.0
-276340.573805,500,4261.13437,train_env2.monitor,915,457500,-249956.77175997998,500.0
-270333.17452,500,4261.36612,train_env3.monitor,916,458000,-250696.91670542,500.0
-235841.531232,500,4271.342508,train_env0.monitor,917,458500,-249610.46076242,500.0
-221405.833952,500,4271.703679,train_env1.monitor,918,459000,-249198.41399606,500.0
-242116.460055,500,4272.004232,train_env2.monitor,919,459500,-249010.84310672,500.0
-277461.705194,500,4272.251508,train_env3.monitor,920,460000,-248829.89338875999,500.0
-265572.527791,500,4286.524607,train_env0.monitor,921,460500,-249660.30047518,500.0
-277649.973913,500,4286.872096,train_env1.monitor,922,461000,-251357.44476356,500.0
-189121.527057,500,4287.178516,train_env2.monitor,923,461500,-251858.03031048,500.0
-242195.644586,500,4287.436078,train_env3.monitor,924,462000,-250901.84369635998,500.0
-220993.446515,500,4292.565738,train_env0.monitor,925,462500,-250703.17528549998,500.0
-228891.485287,500,4292.865048,train_env1.monitor,926,463000,-251666.6190926,500.0
-316906.37063,500,4293.128109,train_env2.monitor,927,463500,-252632.67334394,500.0
-273441.129555,500,4293.473307,train_env3.monitor,928,464000,-253957.03679834,500.0
-250727.381988,500,4299.551902,train_env0.monitor,929,464500,-253875.4741621,500.0
-180042.050951,500,4300.022798,train_env1.monitor,930,465000,-252166.99177484002,500.0
-271532.09305,500,4300.427252,train_env2.monitor,931,465500,-252980.36062484,500.0
-241311.289949,500,4300.785523,train_env3.monitor,932,466000,-253896.52255164002,500.0
-249972.27413,500,4313.800908,train_env0.monitor,933,466500,-254507.23993278,500.0
-175962.946076,500,4314.179104,train_env1.monitor,934,467000,-254130.24370508,500.0
-249546.220253,500,4314.561382,train_env2.monitor,935,467500,-253129.89785414,500.0
-186804.71665,500,4314.962462,train_env3.monitor,936,468000,-251340.31861577998,500.0
-296641.054135,500,4320.25191,train_env0.monitor,937,468500,-250987.08952911998,500.0
-274773.08219,500,4320.579564,train_env1.monitor,938,469000,-250841.54996223998,500.0
-327178.905404,500,4320.801419,train_env2.monitor,939,469500,-251953.02793165998,500.0
-267780.134574,500,4321.189029,train_env3.monitor,940,470000,-251089.21171608,500.0
-223556.583547,500,4337.633051,train_env0.monitor,941,470500,-252088.52679968,500.0
-208520.061054,500,4338.002356,train_env1.monitor,942,471000,-251128.42001298,500.0
-257423.171439,500,4338.307642,train_env2.monitor,943,471500,-252043.90594238002,500.0
-249039.708742,500,4338.609589,train_env3.monitor,944,472000,-252387.85756628003,500.0
-186383.132376,500,4344.202677,train_env0.monitor,945,472500,-250565.42377258,500.0
-256720.931651,500,4344.545956,train_env1.monitor,946,473000,-252087.70606051997,500.0
-246549.383135,500,4344.875562,train_env2.monitor,947,473500,-252163.43662373998,500.0
-243254.855032,500,4345.141952,train_env3.monitor,948,474000,-250023.6171173,500.0
-291333.865403,500,4356.64245,train_env0.monitor,949,474500,-251611.92602398002,500.0
-280224.791317,500,4357.141444,train_env1.monitor,950,475000,-252350.5031326,500.0
-228218.791063,500,4357.574329,train_env2.monitor,951,475500,-251946.03713845997,500.0
-262166.095477,500,4357.84474,train_env3.monitor,952,476000,-252075.6136986,500.0
-299195.795183,500,4366.359856,train_env0.monitor,953,476500,-252748.21141741998,500.0
-235522.480599,500,4367.075343,train_env1.monitor,954,477000,-252245.55029318,500.0
-249679.922311,500,4367.759774,train_env2.monitor,955,477500,-251808.63393292,500.0
-226162.280145,500,4368.406531,train_env3.monitor,956,478000,-250611.46252158002,500.0
-200638.937706,500,4374.876702,train_env0.monitor,957,478500,-249378.86852802,500.0
-254583.323487,500,4375.266022,train_env1.monitor,958,479000,-250267.19283306,500.0
-222115.492519,500,4375.506592,train_env2.monitor,959,479500,-250405.27178912002,500.0
-183925.574343,500,4375.736907,train_env3.monitor,960,480000,-247744.81514674,500.0
-283527.959179,500,4394.771008,train_env0.monitor,961,480500,-248740.31880055997,500.0
-234337.146558,500,4395.69015,train_env1.monitor,962,481000,-248565.45299147998,500.0
-204168.158635,500,4396.409006,train_env2.monitor,963,481500,-245441.88970310002,500.0
-257361.997882,500,4396.784749,train_env3.monitor,964,482000,-245903.07944449998,500.0
-237353.677259,500,4407.629248,train_env0.monitor,965,482500,-245123.34151358,500.0
-266351.614573,500,4407.893365,train_env1.monitor,966,483000,-245043.71031464,500.0
-223817.86921,500,4408.114705,train_env2.monitor,967,483500,-244803.23707419998,500.0
-260401.367245,500,4408.309308,train_env3.monitor,968,484000,-245583.14774005997,500.0
-206372.766565,500,4412.422629,train_env0.monitor,969,484500,-244868.27387026002,500.0
-222505.922786,500,4412.644535,train_env1.monitor,970,485000,-243769.1582221,500.0
-282437.226462,500,4412.813284,train_env2.monitor,971,485500,-244106.45219552,500.0
-245405.786736,500,4412.983932,train_env3.monitor,972,486000,-243461.56845198,500.0
-209103.176346,500,4417.054055,train_env0.monitor,973,486500,-243861.20143776,500.0
-292936.45473,500,4417.302086,train_env1.monitor,974,487000,-244876.01764064,500.0
-266181.534079,500,4417.473147,train_env2.monitor,975,487500,-245779.77939191996,500.0
-181727.167053,500,4417.654447,train_env3.monitor,976,488000,-244836.49302724,500.0
-346036.33786,500,4421.996863,train_env0.monitor,977,488500,-245419.09237184,500.0
-298295.222922,500,4422.219174,train_env1.monitor,978,489000,-245916.17423918002,500.0
-225983.274463,500,4422.420681,train_env2.monitor,979,489500,-245421.29208868,500.0
-196452.275087,500,4422.600877,train_env3.monitor,980,490000,-245749.49657139997,500.0
-281702.042704,500,4444.343152,train_env0.monitor,981,490500,-245952.89556448002,500.0
-235258.071917,500,4444.681986,train_env1.monitor,982,491000,-245831.83120384,500.0
-247925.617426,500,4444.922425,train_env2.monitor,983,491500,-245790.89806976,500.0
-210432.212874,500,4445.314936,train_env3.monitor,984,492000,-246480.28340572,500.0
-261496.529559,500,4451.030121,train_env0.monitor,985,492500,-246719.28959184003,500.0
-208478.21337,500,4451.26756,train_env1.monitor,986,493000,-247152.75952624,500.0
-265286.310827,500,4451.491162,train_env2.monitor,987,493500,-246525.66466008,500.0
-145649.744091,500,4451.894238,train_env3.monitor,988,494000,-243943.1978981,500.0
-171877.809905,500,4457.030656,train_env0.monitor,989,494500,-240837.17598812003,500.0
-234869.847009,500,4457.239406,train_env1.monitor,990,495000,-240178.97023682,500.0
-289648.927007,500,4457.407835,train_env2.monitor,991,495500,-241500.81710602,500.0
-250811.42616,500,4457.581298,train_env3.monitor,992,496000,-242346.64440813998,500.0
-287223.574405,500,4461.113,train_env0.monitor,993,496500,-242942.65246746,500.0
-243483.420056,500,4461.292831,train_env1.monitor,994,497000,-242831.52669373996,500.0
-109500.214948,500,4461.465206,train_env2.monitor,995,497500,-241293.86834518,500.0
-276102.08876,500,4461.638373,train_env3.monitor,996,498000,-241681.49148736,500.0
-247431.692892,500,4468.879025,train_env0.monitor,997,498500,-241699.1376825,500.0
-307774.38801,500,4469.060727,train_env1.monitor,998,499000,-242989.52834206,500.0
-217640.369983,500,4469.230595,train_env2.monitor,999,499500,-241515.65843366002,500.0
-271542.997794,500,4469.401096,train_env3.monitor,1000,500000,-241342.0225632,500.0
-256797.085101,500,4483.918821,train_env0.monitor,1001,500500,-241913.58844396003,500.0
-313422.814763,500,4484.303273,train_env1.monitor,1002,501000,-242938.72282968,500.0
-220212.600419,500,4484.681527,train_env2.monitor,1003,501500,-241359.0589344,500.0
-220290.030048,500,4484.965225,train_env3.monitor,1004,502000,-241054.40992338,500.0
-168856.526461,500,4490.751512,train_env0.monitor,1005,502500,-239437.94200638,500.0
-249231.418517,500,4491.055974,train_env1.monitor,1006,503000,-239899.32477382,500.0
-213022.611007,500,4491.423801,train_env2.monitor,1007,503500,-240146.99823984,500.0
-232209.758989,500,4491.740375,train_env3.monitor,1008,504000,-239699.52694988,500.0
-159025.020644,500,4498.004215,train_env0.monitor,1009,504500,-238437.71751237998,500.0
-243427.039749,500,4498.264821,train_env1.monitor,1010,505000,-239627.7468205,500.0
-164109.413941,500,4498.488715,train_env2.monitor,1011,505500,-237239.37591574003,500.0
-219558.880443,500,4498.717331,train_env3.monitor,1012,506000,-236943.81059344002,500.0
-308144.508276,500,4508.420538,train_env0.monitor,1013,506500,-239023.33758626,500.0
-250747.183122,500,4508.67589,train_env1.monitor,1014,507000,-238891.04129106,500.0
-247505.204616,500,4508.927157,train_env2.monitor,1015,507500,-239094.0718382,500.0
-308457.87233,500,4509.157977,train_env3.monitor,1016,508000,-239936.19699333998,500.0
-260270.974671,500,4513.847466,train_env0.monitor,1017,508500,-240665.25910256003,500.0
-262445.127322,500,4514.102932,train_env1.monitor,1018,509000,-240706.1343041,500.0
-177921.26449,500,4514.326173,train_env2.monitor,1019,509500,-240137.1042626,500.0
-210867.110683,500,4514.552603,train_env3.monitor,1020,510000,-239904.32802053998,500.0
-186746.838183,500,4527.756256,train_env0.monitor,1021,510500,-237990.52025496,500.0
-257494.380276,500,4528.075675,train_env1.monitor,1022,511000,-238232.29212576,500.0
-258588.375495,500,4528.444538,train_env2.monitor,1023,511500,-239221.99610874,500.0
-198436.055301,500,4528.717755,train_env3.monitor,1024,512000,-237331.98812016004,500.0
-258005.245146,500,4533.57647,train_env0.monitor,1025,512500,-237168.4623415,500.0
-253702.668273,500,4533.832228,train_env1.monitor,1026,513000,-238607.97236589997,500.0
-172700.339157,500,4534.051497,train_env2.monitor,1027,513500,-235141.25239183998,500.0
-204216.698981,500,4534.322347,train_env3.monitor,1028,514000,-233259.68191301997,500.0
-325422.90067,500,4539.385504,train_env0.monitor,1029,514500,-235248.47443715998,500.0
-275535.727123,500,4539.719787,train_env1.monitor,1030,515000,-236830.14347788002,500.0
-241334.131879,500,4540.022065,train_env2.monitor,1031,515500,-236022.78526138,500.0
-270190.643293,500,4540.301681,train_env3.monitor,1032,516000,-236721.4366889,500.0
-213304.341607,500,4549.870412,train_env0.monitor,1033,516500,-236029.01117252,500.0
-251773.562636,500,4550.136022,train_env1.monitor,1034,517000,-236855.83816776,500.0
-231585.025518,500,4550.356472,train_env2.monitor,1035,517500,-236257.60808694,500.0
-200602.295801,500,4550.584675,train_env3.monitor,1036,518000,-236100.08973556,500.0
-217682.511795,500,4555.250272,train_env0.monitor,1037,518500,-235148.01375492,500.0
-182623.701768,500,4555.507674,train_env1.monitor,1038,519000,-235887.49290845997,500.0
-247067.444405,500,4555.727914,train_env2.monitor,1039,519500,-237391.28559846,500.0
-225293.545912,500,4555.984943,train_env3.monitor,1040,520000,-237199.75957651998,500.0
-278631.519498,500,4567.272224,train_env0.monitor,1041,520500,-236979.41142633997,500.0
-268193.439822,500,4567.44931,train_env1.monitor,1042,521000,-237327.05169958004,500.0
-254962.351131,500,4567.611063,train_env2.monitor,1043,521500,-236681.8272341,500.0
-295937.379655,500,4567.780235,train_env3.monitor,1044,522000,-237730.90642608,500.0
-215182.937496,500,4571.225342,train_env0.monitor,1045,522500,-239844.56087704003,500.0
-313321.985648,500,4571.398441,train_env1.monitor,1046,523000,-240588.95881480002,500.0
-211105.643075,500,4571.559432,train_env2.monitor,1047,523500,-239862.43781846002,500.0
-273114.112186,500,4571.725222,train_env3.monitor,1048,524000,-239169.23230198,500.0
-250745.301181,500,4578.839558,train_env0.monitor,1049,524500,-239831.33092593998,500.0
-312551.076447,500,4579.121607,train_env1.monitor,1050,525000,-240651.492499,500.0
-236114.602735,500,4579.482447,train_env2.monitor,1051,525500,-240237.84285168,500.0
-253739.318516,500,4579.852098,train_env3.monitor,1052,526000,-239044.17292673996,500.0
-279308.839058,500,4584.376911,train_env0.monitor,1053,526500,-240226.09769952,500.0
-211237.265461,500,4584.616452,train_env1.monitor,1054,527000,-240045.04240777998,500.0
-183853.935949,500,4584.850812,train_env2.monitor,1055,527500,-240344.99059754,500.0
-211279.51952,500,4585.081554,train_env3.monitor,1056,528000,-239585.9526176,500.0
-205552.90466,500,4589.232495,train_env0.monitor,1057,528500,-239436.55849066,500.0
-200314.828858,500,4589.45164,train_env1.monitor,1058,529000,-238798.65988803998,500.0
-214126.668517,500,4589.676301,train_env2.monitor,1059,529500,-239900.6928455,500.0
-210430.683399,500,4589.852472,train_env3.monitor,1060,530000,-239240.76571849998,500.0
-191401.497498,500,4600.286537,train_env0.monitor,1061,530500,-239786.60738963998,500.0
-221029.123348,500,4600.473351,train_env1.monitor,1062,531000,-239816.01224774,500.0
-209570.487565,500,4600.641408,train_env2.monitor,1063,531500,-237844.53183352,500.0
-204202.029686,500,4600.81345,train_env3.monitor,1064,532000,-236913.62876479997,500.0
-180150.045672,500,4608.244912,train_env0.monitor,1065,532500,-235566.52558592,500.0
-203951.512419,500,4608.674636,train_env1.monitor,1066,533000,-233476.39838770003,500.0
-248771.302168,500,4608.995796,train_env2.monitor,1067,533500,-233246.40493763998,500.0
-186347.793295,500,4609.301348,train_env3.monitor,1068,534000,-231724.45825710002,500.0
-268533.296684,500,4613.756765,train_env0.monitor,1069,534500,-233536.69890097997,500.0
-196578.469209,500,4614.036026,train_env1.monitor,1070,535000,-233250.9260715,500.0
-181846.315965,500,4614.26978,train_env2.monitor,1071,535500,-233152.91562714003,500.0
-148134.514075,500,4614.546188,train_env3.monitor,1072,536000,-230965.71830312003,500.0
-179738.656701,500,4618.677042,train_env0.monitor,1073,536500,-229388.72392724003,500.0
-208834.124125,500,4618.938978,train_env1.monitor,1074,537000,-229596.68530371998,500.0
-210357.111929,500,4619.225667,train_env2.monitor,1075,537500,-228643.72263938002,500.0
-190483.9271,500,4619.51072,train_env3.monitor,1076,538000,-227379.34781592002,500.0
-224020.495179,500,4623.563216,train_env0.monitor,1077,538500,-228405.75093636,500.0
-216987.782854,500,4623.826607,train_env1.monitor,1078,539000,-228661.17261382003,500.0
-214071.094151,500,4624.056707,train_env2.monitor,1079,539500,-226434.13648344,500.0
-257565.399521,500,4624.294638,train_env3.monitor,1080,540000,-226074.72993139998,500.0
-287686.780829,500,4642.234698,train_env0.monitor,1081,540500,-227001.78291039998,500.0
-236038.649531,500,4642.48842,train_env1.monitor,1082,541000,-226318.74303516,500.0
-197090.776612,500,4642.724806,train_env2.monitor,1083,541500,-225994.47173526,500.0
-312015.029559,500,4642.961137,train_env3.monitor,1084,542000,-227199.30107372,500.0
-172546.543453,500,4647.077233,train_env0.monitor,1085,542500,-226018.53143242002,500.0
-253912.195694,500,4647.354214,train_env1.monitor,1086,543000,-227084.72943028,500.0
-254879.925915,500,4647.618891,train_env2.monitor,1087,543500,-227828.67771268002,500.0
-288719.589389,500,4647.908514,train_env3.monitor,1088,544000,-229950.59546510002,500.0
-282091.939504,500,4651.969846,train_env0.monitor,1089,544500,-230651.08536708,500.0
-272343.906679,500,4652.22161,train_env1.monitor,1090,545000,-231592.09258242,500.0
-144804.035916,500,4652.466347,train_env2.monitor,1091,545500,-228915.54291078,500.0
-174902.459929,500,4652.707687,train_env3.monitor,1092,546000,-227049.72331292,500.0
-236736.502859,500,4656.922327,train_env0.monitor,1093,546500,-226685.20634748,500.0
-266683.610472,500,4657.177117,train_env1.monitor,1094,547000,-226100.13096382,500.0
-131786.485191,500,4657.430352,train_env2.monitor,1095,547500,-224432.20191772,500.0
-241372.423552,500,4657.693367,train_env3.monitor,1096,548000,-222993.2106758,500.0
-153639.946345,500,4666.190354,train_env0.monitor,1097,548500,-221843.8967412,500.0
-213691.914618,500,4666.424531,train_env1.monitor,1098,549000,-220655.45278984,500.0
-284771.534977,500,4666.659735,train_env2.monitor,1099,549500,-221335.97746576,500.0
-204882.141864,500,4666.89809,train_env3.monitor,1100,550000,-219182.59877409998,500.0
-207249.588229,500,4679.159889,train_env0.monitor,1101,550500,-218605.29848398,500.0
-181993.125783,500,4679.373569,train_env1.monitor,1102,551000,-217170.37462932002,500.0
-260258.422806,500,4679.696922,train_env2.monitor,1103,551500,-216789.36630428,500.0
-250778.489895,500,4679.976866,train_env3.monitor,1104,552000,-217580.19079296,500.0
-269807.161185,500,4684.210939,train_env0.monitor,1105,552500,-219299.25529768,500.0
-154608.763441,500,4684.444303,train_env1.monitor,1106,553000,-218165.8401761,500.0
-220293.737736,500,4684.725215,train_env2.monitor,1107,553500,-218460.65683762,500.0
-196038.798225,500,4685.04205,train_env3.monitor,1108,554000,-218375.13622496,500.0
-282700.925197,500,4689.295254,train_env0.monitor,1109,554500,-219746.62135856,500.0
-244705.675194,500,4689.537066,train_env1.monitor,1110,555000,-220432.12119446002,500.0
-206820.180138,500,4689.798371,train_env2.monitor,1111,555500,-220740.49484726,500.0
-178849.366184,500,4690.070127,train_env3.monitor,1112,556000,-219896.89970398002,500.0
-210115.804193,500,4698.52102,train_env0.monitor,1113,556500,-219907.80603653996,500.0
-193749.034984,500,4698.731387,train_env1.monitor,1114,557000,-219698.7461425,500.0
-327188.783624,500,4698.981479,train_env2.monitor,1115,557500,-222639.52090154,500.0
-230139.262054,500,4699.218899,train_env3.monitor,1116,558000,-223163.27589423998,500.0
-258348.977848,500,4703.410283,train_env0.monitor,1117,558500,-223354.82940784,500.0
-220473.887638,500,4703.715312,train_env1.monitor,1118,559000,-224037.35129469997,500.0
-199607.671234,500,4703.978447,train_env2.monitor,1119,559500,-222658.8387857,500.0
-200186.493453,500,4704.216378,train_env3.monitor,1120,560000,-222730.99927058,500.0
-183357.212888,500,4716.910854,train_env0.monitor,1121,560500,-222761.21720904,500.0
-308312.999225,500,4717.450344,train_env1.monitor,1122,561000,-225964.78691204,500.0
-192225.468941,500,4717.931469,train_env2.monitor,1123,561500,-226214.52315683998,500.0
-316283.626054,500,4718.24247,train_env3.monitor,1124,562000,-228363.51319542003,500.0
-236989.651526,500,4722.449849,train_env0.monitor,1125,562500,-228896.16398736,500.0
-248268.007355,500,4722.707021,train_env1.monitor,1126,563000,-230051.84559246,500.0
-280534.312293,500,4723.021415,train_env2.monitor,1127,563500,-231182.12193474,500.0
-222914.767828,500,4723.31142,train_env3.monitor,1128,564000,-231300.66163421998,500.0
-198074.691121,500,4731.901345,train_env0.monitor,1129,564500,-230980.73357361997,500.0
-152233.10332,500,4732.171856,train_env1.monitor,1130,565000,-228874.08764960003,500.0
-245298.227461,500,4732.402853,train_env2.monitor,1131,565500,-228026.31658224,500.0
-234817.93386,500,4732.63798,train_env3.monitor,1132,566000,-228001.90226882,500.0
-203061.987911,500,4736.817057,train_env0.monitor,1133,566500,-228121.3264948,500.0
-197687.392711,500,4737.027201,train_env1.monitor,1134,567000,-225834.77375783998,500.0
-247351.613329,500,4737.311618,train_env2.monitor,1135,567500,-227330.87515536,500.0
-185870.70926,500,4737.564538,train_env3.monitor,1136,568000,-225970.04542668,500.0
-198080.173305,500,4741.737018,train_env0.monitor,1137,568500,-224834.05037447996,500.0
-274775.475756,500,4741.983322,train_env1.monitor,1138,569000,-224555.16810182,500.0
-308084.300005,500,4742.229883,train_env2.monitor,1139,569500,-225075.01531184,500.0
-197085.753674,500,4742.481345,train_env3.monitor,1140,570000,-223569.85225174003,500.0
-280196.097819,500,4754.666634,train_env0.monitor,1141,570500,-226277.69348980003,500.0
-262641.901766,500,4754.927177,train_env1.monitor,1142,571000,-228032.48232654,500.0
-181125.038383,500,4755.248644,train_env2.monitor,1143,571500,-226920.25303702,500.0
-243780.142628,500,4755.473217,train_env3.monitor,1144,572000,-226462.18368014,500.0
-251004.466062,500,4764.018355,train_env0.monitor,1145,572500,-228846.54329755998,500.0
-296135.736902,500,4764.250308,train_env1.monitor,1146,573000,-229941.80956456,500.0
-230314.519658,500,4764.477148,train_env2.monitor,1147,573500,-231475.30103081997,500.0
-187383.666602,500,4764.726689,train_env3.monitor,1148,574000,-230949.1360705,500.0
-170692.074825,500,4768.811186,train_env0.monitor,1149,574500,-228667.54686746,500.0
-184151.546366,500,4769.058138,train_env1.monitor,1150,575000,-228252.93495750002,500.0
-232301.186161,500,4769.295934,train_env2.monitor,1151,575500,-228753.96691614,500.0
-163969.050551,500,4769.567765,train_env3.monitor,1152,576000,-228393.4854115,500.0
-174011.867675,500,4773.714516,train_env0.monitor,1153,576500,-226668.55430887997,500.0
-285701.236005,500,4773.942741,train_env1.monitor,1154,577000,-227367.00923108,500.0
-266970.748254,500,4774.175448,train_env2.monitor,1155,577500,-227310.28097246,500.0
-278880.845148,500,4774.408022,train_env3.monitor,1156,578000,-229795.7226066,500.0
-256256.931303,500,4778.595855,train_env0.monitor,1157,578500,-230514.98647794,500.0
-152393.769886,500,4778.899462,train_env1.monitor,1158,579000,-229642.08591116,500.0
-334067.608356,500,4779.133713,train_env2.monitor,1159,579500,-230669.41957434,500.0
-173484.465977,500,4779.368987,train_env3.monitor,1160,580000,-229244.99538999997,500.0
-299841.672854,500,4796.26782,train_env0.monitor,1161,580500,-231105.42524432,500.0
-184388.84418,500,4796.543736,train_env1.monitor,1162,581000,-231216.21480423998,500.0
-286017.626638,500,4796.776224,train_env2.monitor,1163,581500,-232734.25125314,500.0
-164241.680327,500,4797.022072,train_env3.monitor,1164,582000,-232144.10416000002,500.0
-315443.202749,500,4801.156145,train_env0.monitor,1165,582500,-231909.1925425,500.0
-269667.204919,500,4801.395568,train_env1.monitor,1166,583000,-232699.7513998,500.0
-201707.230427,500,4801.669203,train_env2.monitor,1167,583500,-231566.91645138004,500.0
-315986.854498,500,4801.909603,train_env3.monitor,1168,584000,-233477.17578858,500.0
-247522.834971,500,4806.18771,train_env0.monitor,1169,584500,-234435.47906331997,500.0
-292523.13242,500,4806.439677,train_env1.monitor,1170,585000,-236282.21184266,500.0
-213503.172416,500,4806.708658,train_env2.monitor,1171,585500,-236885.13103321998,500.0
-146740.237341,500,4806.954661,train_env3.monitor,1172,586000,-233653.67579553998,500.0
-237177.935534,500,4811.056386,train_env0.monitor,1173,586500,-234552.72512740002,500.0
-248941.313206,500,4811.284356,train_env1.monitor,1174,587000,-233205.87887044,500.0
-208436.163127,500,4811.526634,train_env2.monitor,1175,587500,-232634.80910245999,500.0
-216064.2529,500,4811.753855,train_env3.monitor,1176,588000,-231990.73401336,500.0
-159544.885042,500,4820.406384,train_env0.monitor,1177,588500,-229570.94546833998,500.0
-239741.627333,500,4820.653995,train_env1.monitor,1178,589000,-229907.48265843999,500.0
-255421.532652,500,4820.912781,train_env2.monitor,1179,589500,-231054.41948906,500.0
-313662.81912,500,4821.137551,train_env3.monitor,1180,590000,-234283.01380505998,500.0
-103536.703699,500,4833.473019,train_env0.monitor,1181,590500,-231447.78332982,500.0
-161177.272009,500,4833.730316,train_env1.monitor,1182,591000,-229974.9700928,500.0
-328407.938882,500,4833.997455,train_env2.monitor,1183,591500,-232481.88911222,500.0
-130922.645778,500,4834.25817,train_env3.monitor,1184,592000,-231146.59417356004,500.0
-173761.133872,500,4838.563334,train_env0.monitor,1185,592500,-229674.78458441998,500.0
-158328.617335,500,4838.859874,train_env1.monitor,1186,593000,-229123.94274592,500.0
-147256.133568,500,4839.115612,train_env2.monitor,1187,593500,-228107.46195118,500.0
-175431.381218,500,4839.382225,train_env3.monitor,1188,594000,-226120.58006042,500.0
-208464.974096,500,4843.444343,train_env0.monitor,1189,594500,-224128.19354224,500.0
-279639.38431,500,4843.706203,train_env1.monitor,1190,595000,-225779.26615495997,500.0
-226712.850533,500,4844.016824,train_env2.monitor,1191,595500,-224709.60120924,500.0
-217172.982315,500,4844.304682,train_env3.monitor,1192,596000,-223800.22282022002,500.0
-175974.309508,500,4848.328143,train_env0.monitor,1193,596500,-223697.20824272,500.0
-251844.014808,500,4848.640948,train_env1.monitor,1194,597000,-223858.48568632,500.0
-218359.852897,500,4848.909928,train_env2.monitor,1195,597500,-223205.59342301998,500.0
-143340.661262,500,4849.185137,train_env3.monitor,1196,598000,-220149.69191021996,500.0
-174597.031038,500,4857.898601,train_env0.monitor,1197,598500,-219035.34213782,500.0
-287989.884945,500,4858.152809,train_env1.monitor,1198,599000,-221047.46650468,500.0
-158845.796421,500,4858.385843,train_env2.monitor,1199,599500,-220810.5409366,500.0
-186622.15296,500,4858.625621,train_env3.monitor,1200,600000,-220859.95306847998,500.0
-191021.826586,500,4871.012136,train_env0.monitor,1201,600500,-220034.36587698,500.0
-161882.027248,500,4871.271086,train_env1.monitor,1202,601000,-219992.62541092,500.0
-292797.393809,500,4871.56075,train_env2.monitor,1203,601500,-222368.33593360003,500.0
-202816.976688,500,4871.863326,train_env3.monitor,1204,602000,-220710.65074726,500.0
-201705.500565,500,4875.939226,train_env0.monitor,1205,602500,-219405.34579348002,500.0
-294833.991427,500,4876.251008,train_env1.monitor,1206,603000,-219724.40871906,500.0
-274464.242001,500,4876.469411,train_env2.monitor,1207,603500,-220088.55493302,500.0
-217121.882964,500,4876.797204,train_env3.monitor,1208,604000,-221383.11719458,500.0
-214845.916315,500,4884.130208,train_env0.monitor,1209,604500,-218998.68335376002,500.0
-203124.263162,500,4885.166117,train_env1.monitor,1210,605000,-219591.47929746003,500.0
-312287.943935,500,4886.220923,train_env2.monitor,1211,605500,-219840.40471908,500.0
-230673.87022,500,4887.439991,train_env3.monitor,1212,606000,-220766.10523988,500.0
-218617.320368,500,4914.981431,train_env0.monitor,1213,606500,-219418.09911448002,500.0
-271507.369758,500,4916.025678,train_env1.monitor,1214,607000,-221563.4129031,500.0
-260528.317075,500,4917.049974,train_env2.monitor,1215,607500,-220465.11518962,500.0
-227303.372166,500,4918.083205,train_env3.monitor,1216,608000,-219617.83853455997,500.0
-309856.095286,500,4932.632277,train_env0.monitor,1217,608500,-221780.81583173998,500.0
-310117.152465,500,4933.657471,train_env1.monitor,1218,609000,-221663.42179108,500.0
-186560.315019,500,4934.66783,train_env2.monitor,1219,609500,-220444.17139204004,500.0
-217621.63505,500,4935.668378,train_env3.monitor,1220,610000,-218946.14144463997,500.0
-254690.567142,500,4978.864616,train_env0.monitor,1221,610500,-219769.88933916,500.0
-322091.002669,500,4979.890529,train_env1.monitor,1222,611000,-223276.90464571997,500.0
-174042.465063,500,4980.915773,train_env2.monitor,1223,611500,-222014.19523629997,500.0
-200458.980032,500,4981.936669,train_env3.monitor,1224,612000,-221044.54857281997,500.0
-192427.748747,500,4996.606001,train_env0.monitor,1225,612500,-220724.38028522,500.0
-200826.497883,500,4997.659715,train_env1.monitor,1226,613000,-220419.62518488002,500.0
-291196.126811,500,4998.667773,train_env2.monitor,1227,613500,-223052.65002026,500.0
-234005.005288,500,4999.688662,train_env3.monitor,1228,614000,-222937.91757936002,500.0
-214305.196902,500,5027.579215,train_env0.monitor,1229,614500,-222115.59086435998,500.0
-246922.784601,500,5028.669897,train_env1.monitor,1230,615000,-220780.79017398,500.0
-237400.104422,500,5029.702073,train_env2.monitor,1231,615500,-223458.05818844002,500.0
-204263.145803,500,5030.722966,train_env3.monitor,1232,616000,-224319.77566431998,500.0
-204323.076295,500,5045.341177,train_env0.monitor,1233,616500,-221838.07841258,500.0
-197081.593733,500,5046.410995,train_env1.monitor,1234,617000,-223161.25737168,500.0
-178035.291502,500,5047.414402,train_env2.monitor,1235,617500,-223246.74052428,500.0
-207967.772699,500,5048.413733,train_env3.monitor,1236,618000,-224239.52363155998,500.0
-337195.509691,500,5063.452393,train_env0.monitor,1237,618500,-228038.31115402,500.0
-275257.014306,500,5064.487081,train_env1.monitor,1238,619000,-230034.82381578,500.0
-228781.337541,500,5065.48773,train_env2.monitor,1239,619500,-230441.15108468,500.0
-129643.097798,500,5066.496042,train_env3.monitor,1240,620000,-227441.22535444,500.0
-201788.678083,500,5109.738609,train_env0.monitor,1241,620500,-226942.74190544,500.0
-153213.097538,500,5110.757226,train_env1.monitor,1242,621000,-225663.54420989996,500.0
-223324.865363,500,5111.760685,train_env2.monitor,1243,621500,-226610.55532699998,500.0
-181355.552683,500,5112.786217,train_env3.monitor,1244,622000,-225200.7860845,500.0
-216889.64148,500,5141.009078,train_env0.monitor,1245,622500,-225171.38185616,500.0
-249745.228428,500,5142.026464,train_env1.monitor,1246,623000,-227299.47319948004,500.0
-189139.411426,500,5143.050477,train_env2.monitor,1247,623500,-227590.32080724,500.0
-160615.642835,500,5144.066196,train_env3.monitor,1248,624000,-225042.83596504,500.0
-256992.532582,500,5158.787046,train_env0.monitor,1249,624500,-227005.77068825997,500.0
-246727.649369,500,5160.016013,train_env1.monitor,1250,625000,-228207.88061644003,500.0
-186037.88135,500,5161.035761,train_env2.monitor,1251,625500,-228108.20171172,500.0
-333790.139262,500,5162.079257,train_env3.monitor,1252,626000,-231546.36395199999,500.0
-174501.699743,500,5176.736366,train_env0.monitor,1253,626500,-229180.45007067997,500.0
-301074.047651,500,5177.781593,train_env1.monitor,1254,627000,-231145.59148993998,500.0
-192858.51409,500,5178.797418,train_env2.monitor,1255,627500,-230968.65176043997,500.0
-266004.519754,500,5179.820654,train_env3.monitor,1256,628000,-230392.06232697997,500.0
-136584.775125,500,5194.799376,train_env0.monitor,1257,628500,-227634.47298946002,500.0
-145445.217412,500,5195.847187,train_env1.monitor,1258,629000,-226200.93967842002,500.0
-188863.167387,500,5196.851413,train_env2.monitor,1259,629500,-225681.28469986,500.0
-254811.35741,500,5197.87397,train_env3.monitor,1260,630000,-226715.02658482,500.0
-157830.764475,500,5253.733478,train_env0.monitor,1261,630500,-223625.88299562,500.0
-164367.220627,500,5254.758851,train_env1.monitor,1262,631000,-222299.75000376,500.0
-203060.688552,500,5255.791016,train_env2.monitor,1263,631500,-221988.61736744002,500.0
-199366.890813,500,5256.833799,train_env3.monitor,1264,632000,-220545.80778854003,500.0
-268636.91403,500,5271.291116,train_env0.monitor,1265,632500,-220707.97972764,500.0
-218532.61974,500,5272.336483,train_env1.monitor,1266,633000,-220532.56467912003,500.0
-291185.660725,500,5273.341166,train_env2.monitor,1267,633500,-220159.1559879,500.0
-270299.59732,500,5274.365406,train_env3.monitor,1268,634000,-219362.804885,500.0
-214317.270286,500,5288.745722,train_env0.monitor,1269,634500,-219917.94399033996,500.0
-306217.200255,500,5289.746306,train_env1.monitor,1270,635000,-221689.85529444003,500.0
-172631.048752,500,5290.747855,train_env2.monitor,1271,635500,-220048.66492664002,500.0
-289869.839382,500,5291.749975,train_env3.monitor,1272,636000,-219404.2416609,500.0
-207995.627332,500,5306.435039,train_env0.monitor,1273,636500,-220083.30490628,500.0
-228917.811373,500,5307.461424,train_env1.monitor,1274,637000,-220652.4815331,500.0
-205386.737414,500,5308.479857,train_env2.monitor,1275,637500,-220911.66130644002,500.0
-212176.516092,500,5309.492941,train_env3.monitor,1276,638000,-221138.66167062,500.0
-254878.21904,500,5337.227382,train_env0.monitor,1277,638500,-220412.3035152,500.0
-258538.220061,500,5338.260056,train_env1.monitor,1278,639000,-220902.96781066002,500.0
-252363.462717,500,5339.294398,train_env2.monitor,1279,639500,-221664.13312696,500.0
-226678.570735,500,5340.327689,train_env3.monitor,1280,640000,-221259.24884964002,500.0
-203043.361886,500,5383.715833,train_env0.monitor,1281,640500,-220572.11399892,500.0
-282317.177275,500,5384.707388,train_env1.monitor,1282,641000,-222133.19462836,500.0
-266903.39163,500,5385.724383,train_env2.monitor,1283,641500,-223384.80093505996,500.0
-253498.332008,500,5386.739089,train_env3.monitor,1284,642000,-224513.13570056,500.0
-158386.096406,500,5401.247934,train_env0.monitor,1285,642500,-224120.15179864,500.0
-240261.111595,500,5402.277132,train_env1.monitor,1286,643000,-224766.01857656002,500.0
-335305.570814,500,5403.314749,train_env2.monitor,1287,643500,-224728.21979901998,500.0
-156900.723563,500,5404.316305,train_env3.monitor,1288,644000,-222361.09398416,500.0
-104907.092318,500,5418.918225,train_env0.monitor,1289,644500,-219883.6090797,500.0
-326716.14017,500,5419.969196,train_env1.monitor,1290,645000,-223825.06992714002,500.0
-220110.252299,500,5420.99731,train_env2.monitor,1291,645500,-224191.50141146,500.0
-131442.276979,500,5422.005655,train_env3.monitor,1292,646000,-223756.08500028,500.0
-201179.260889,500,5449.77202,train_env0.monitor,1293,646500,-223313.17291080003,500.0
-231779.809772,500,5450.809647,train_env1.monitor,1294,647000,-224321.65805258002,500.0
-175752.219046,500,5451.82316,train_env2.monitor,1295,647500,-223498.9096039,500.0
-144831.633381,500,5452.848243,train_env3.monitor,1296,648000,-221400.63770296,500.0
-199731.520138,500,5467.391637,train_env0.monitor,1297,648500,-221612.47987719998,500.0
-205368.501092,500,5468.438597,train_env1.monitor,1298,649000,-222507.53704234,500.0
-189981.374746,500,5469.455338,train_env2.monitor,1299,649500,-221167.31388562,500.0
-215584.244972,500,5470.484211,train_env3.monitor,1300,650000,-220544.44579767997,500.0
-245757.005003,500,5512.579519,train_env0.monitor,1301,650500,-221738.82827074,500.0
-232170.209564,500,5513.585584,train_env1.monitor,1302,651000,-219706.42967677998,500.0
-200390.593538,500,5514.584733,train_env2.monitor,1303,651500,-220224.20755268,500.0
-226514.912174,500,5515.600924,train_env3.monitor,1304,652000,-218733.02484314,500.0
-120037.075842,500,5530.596218,train_env0.monitor,1305,652500,-217276.59607818,500.0
-246916.749305,500,5531.62031,train_env1.monitor,1306,653000,-216894.8406692,500.0
-203954.960397,500,5532.644414,train_env2.monitor,1307,653500,-218242.24437464,500.0
-232466.169903,500,5533.674421,train_env3.monitor,1308,654000,-219982.66342445998,500.0
-213826.73014,500,5561.489018,train_env0.monitor,1309,654500,-220481.93467952003,500.0
-207058.001445,500,5562.539631,train_env1.monitor,1310,655000,-219526.86756021998,500.0
-190501.741647,500,5563.555761,train_env2.monitor,1311,655500,-220180.28710366,500.0
-244172.080815,500,5564.56384,train_env3.monitor,1312,656000,-221776.38430742,500.0
-202094.381113,500,5579.193834,train_env0.monitor,1313,656500,-221757.05815864,500.0
-175569.851001,500,5580.205638,train_env1.monitor,1314,657000,-221281.1173624,500.0
-226640.790268,500,5581.220865,train_env2.monitor,1315,657500,-220441.19488715997,500.0
-165425.143195,500,5582.247901,train_env3.monitor,1316,658000,-219379.04535626003,500.0
-164649.628594,500,5596.815848,train_env0.monitor,1317,658500,-216848.32471364,500.0
-124222.083184,500,5597.841919,train_env1.monitor,1318,659000,-213926.77443092,500.0
-224970.455715,500,5598.853531,train_env2.monitor,1319,659500,-214139.83813950003,500.0
-97144.111903,500,5599.88455,train_env3.monitor,1320,660000,-209958.37637245998,500.0
-290173.507873,500,5642.553382,train_env0.monitor,1321,660500,-212309.22555488,500.0
-244922.975548,500,5643.588136,train_env1.monitor,1322,661000,-211410.28827820002,500.0
-159583.89819,500,5644.593864,train_env2.monitor,1323,661500,-210442.05369536002,500.0
-275016.699149,500,5645.620713,train_env3.monitor,1324,662000,-211364.03145088,500.0
-156939.043318,500,5673.88566,train_env0.monitor,1325,662500,-210395.07756895997,500.0
-237400.233753,500,5674.936062,train_env1.monitor,1326,663000,-210899.55192218002,500.0
-237697.207024,500,5675.968651,train_env2.monitor,1327,663500,-210555.93168185998,500.0
-159616.660319,500,5676.987007,train_env3.monitor,1328,664000,-208577.50048701998,500.0
-79209.628168,500,5691.556975,train_env0.monitor,1329,664500,-205114.42379604,500.0
-230059.573459,500,5692.58001,train_env1.monitor,1330,665000,-205182.04385052004,500.0
-149812.543312,500,5693.581114,train_env2.monitor,1331,665500,-204117.42747904,500.0
-155383.588012,500,5694.606576,train_env3.monitor,1332,666000,-201578.75569378,500.0
-229458.197759,500,5709.183963,train_env0.monitor,1333,666500,-200829.85181636002,500.0
-296723.102716,500,5710.222787,train_env1.monitor,1334,667000,-201694.34723051998,500.0
-262724.41879,500,5711.24442,train_env2.monitor,1335,667500,-203781.11367820002,500.0
-308999.377748,500,5712.251896,train_env3.monitor,1336,668000,-205155.87900125998,500.0
-242970.398227,500,5726.909194,train_env0.monitor,1337,668500,-203309.17554952003,500.0
-216051.311223,500,5727.9562,train_env1.monitor,1338,669000,-204492.18730272003,500.0
-190765.809385,500,5728.988926,train_env2.monitor,1339,669500,-206209.36164406,500.0
-301631.86768,500,5730.004373,train_env3.monitor,1340,670000,-205707.67619426,500.0
-248218.681413,500,5786.020831,train_env0.monitor,1341,670500,-206269.84477653998,500.0
-262023.579112,500,5787.062972,train_env1.monitor,1342,671000,-208881.4708192,500.0
-175865.833517,500,5788.096575,train_env2.monitor,1343,671500,-208375.20227176,500.0
-147998.074235,500,5789.299126,train_env3.monitor,1344,672000,-206699.56756102,500.0
-206852.537492,500,5803.945429,train_env0.monitor,1345,672500,-207321.57392993997,500.0
-167682.118454,500,5804.962913,train_env1.monitor,1346,673000,-207778.5836314,500.0
-248565.041913,500,5805.963296,train_env2.monitor,1347,673500,-208755.2540669,500.0
-185898.587138,500,5806.992568,train_env3.monitor,1348,674000,-208365.85578782,500.0
-229019.775576,500,5821.434892,train_env0.monitor,1349,674500,-209146.62380442,500.0
-179491.825949,500,5822.42985,train_env1.monitor,1350,675000,-208424.77542396,500.0
-187925.23817,500,5823.439746,train_env2.monitor,1351,675500,-207268.1400873,500.0
-252838.554658,500,5824.464166,train_env3.monitor,1352,676000,-207681.50698918,500.0
-180310.451272,500,5839.164552,train_env0.monitor,1353,676500,-207279.90414386,500.0
-182970.643664,500,5840.205776,train_env1.monitor,1354,677000,-206409.01877365998,500.0
-232596.755538,500,5841.227365,train_env2.monitor,1355,677500,-208660.21236758,500.0
-162933.046622,500,5842.260105,train_env3.monitor,1356,678000,-206980.53831392003,500.0
-135516.519506,500,5870.194019,train_env0.monitor,1357,678500,-205611.76949610002,500.0
-189647.095475,500,5871.233291,train_env1.monitor,1358,679000,-204755.38800754,500.0
-232679.873899,500,5872.262797,train_env2.monitor,1359,679500,-205132.45088271998,500.0
-389563.096778,500,5873.277665,train_env3.monitor,1360,680000,-208782.55278938,500.0
-148758.288098,500,5916.519859,train_env0.monitor,1361,680500,-207947.6837184,500.0
-187597.654765,500,5917.560259,train_env1.monitor,1362,681000,-206816.1951974,500.0
-290171.325492,500,5918.574493,train_env2.monitor,1363,681500,-208577.73408498,500.0
-197099.684596,500,5919.598706,train_env3.monitor,1364,682000,-209008.33075688,500.0
-206305.954476,500,5934.228979,train_env0.monitor,1365,682500,-208601.63404103997,500.0
-231758.121829,500,5935.260595,train_env1.monitor,1366,683000,-209928.29361372002,500.0
-289619.32275,500,5936.262021,train_env2.monitor,1367,683500,-212427.68749684002,500.0
-172580.341253,500,5937.28542,train_env3.monitor,1368,684000,-213394.85265822,500.0
-216396.75829,500,5951.954586,train_env0.monitor,1369,684500,-213223.37870972,500.0
-221354.354639,500,5952.981586,train_env1.monitor,1370,685000,-215707.58356444002,500.0
-135404.063977,500,5954.000021,train_env2.monitor,1371,685500,-212612.19468652003,500.0
-152704.632836,500,5955.009901,train_env3.monitor,1372,686000,-210767.82783228,500.0
-134105.018872,500,5970.131489,train_env0.monitor,1373,686500,-210258.25024592,500.0
-283679.230651,500,5971.193491,train_env1.monitor,1374,687000,-210431.50087596002,500.0
-339728.877017,500,5972.197219,train_env2.monitor,1375,687500,-214087.29754994,500.0
-124345.619603,500,5973.221953,train_env3.monitor,1376,688000,-211826.20526694,500.0
-189810.158974,500,6000.90906,train_env0.monitor,1377,688500,-210868.46430594,500.0
-170653.984036,500,6001.962386,train_env1.monitor,1378,689000,-211089.21078028,500.0
-222455.50025,500,6002.992959,train_env2.monitor,1379,689500,-213954.12822192002,500.0
-211433.558763,500,6004.017256,train_env3.monitor,1380,690000,-213581.60792799998,500.0
-130043.897291,500,6046.445412,train_env0.monitor,1381,690500,-213186.23500758002,500.0
-181493.836277,500,6047.478451,train_env1.monitor,1382,691000,-213708.43997288,500.0
-252488.411101,500,6048.485608,train_env2.monitor,1383,691500,-214169.04423971998,500.0
-248919.87332,500,6049.510329,train_env3.monitor,1384,692000,-213212.9796518,500.0
-179494.751692,500,6064.351995,train_env0.monitor,1385,692500,-211548.38630984002,500.0
-226585.030773,500,6065.383855,train_env1.monitor,1386,693000,-209900.09937034,500.0
-122509.277875,500,6066.398348,train_env2.monitor,1387,693500,-207490.8769633,500.0
-179577.620601,500,6067.42089,train_env3.monitor,1388,694000,-206761.40315086,500.0
-175528.000171,500,6082.096221,train_env0.monitor,1389,694500,-206456.64696658,500.0
-225750.294911,500,6083.145915,train_env1.monitor,1390,695000,-204939.01551119998,500.0
-190127.872369,500,6084.243898,train_env2.monitor,1391,695500,-203777.19933032003,500.0
-266942.92533,500,6085.255826,train_env3.monitor,1392,696000,-203875.58625468,500.0
-207082.414251,500,6112.582246,train_env0.monitor,1393,696500,-204499.91786936,500.0
-293992.321547,500,6113.565002,train_env1.monitor,1394,697000,-207419.8028156,500.0
-189952.037064,500,6114.57179,train_env2.monitor,1395,697500,-207081.79280704004,500.0
-205257.760391,500,6115.568366,train_env3.monitor,1396,698000,-207833.30564578,500.0
-315505.237721,500,6130.788168,train_env0.monitor,1397,698500,-209172.10956194,500.0
-210178.128506,500,6131.828679,train_env1.monitor,1398,699000,-209657.70038930004,500.0
-127629.387966,500,6132.828788,train_env2.monitor,1399,699500,-207629.89263709998,500.0
-176154.157564,500,6133.834968,train_env3.monitor,1400,700000,-207563.13926939998,500.0
-180967.46229,500,6176.226318,train_env0.monitor,1401,700500,-207423.9837518,500.0
-290707.780697,500,6177.259212,train_env1.monitor,1402,701000,-208181.36827258003,500.0
-156514.775737,500,6178.264103,train_env2.monitor,1403,701500,-207705.45476188,500.0
-181603.819307,500,6179.287777,train_env3.monitor,1404,702000,-207678.11827474003,500.0
-162697.056488,500,6194.176813,train_env0.monitor,1405,702500,-206280.12429374002,500.0
-167270.350284,500,6195.166114,train_env1.monitor,1406,703000,-206366.87036697997,500.0
-166517.309641,500,6196.161645,train_env2.monitor,1407,703500,-206986.88616968,500.0
-324674.776345,500,6197.164365,train_env3.monitor,1408,704000,-209687.43978708,500.0
-202798.868582,500,6225.10305,train_env0.monitor,1409,704500,-209089.81968074,500.0
-275894.927849,500,6226.152712,train_env1.monitor,1410,705000,-206816.45630216002,500.0
-178123.593981,500,6227.168801,train_env2.monitor,1411,705500,-207403.76241982,500.0
-70799.069807,500,6228.213449,train_env3.monitor,1412,706000,-205067.79072066,500.0
-251462.179303,500,6243.127503,train_env0.monitor,1413,706500,-204293.60779688,500.0
-147704.932278,500,6244.139503,train_env1.monitor,1414,707000,-203305.71275052,500.0
-279805.327985,500,6245.163034,train_env2.monitor,1415,707500,-204775.7002207,500.0
-170757.981429,500,6246.201834,train_env3.monitor,1416,708000,-203555.69741269998,500.0
-208065.434701,500,6261.124142,train_env0.monitor,1417,708500,-201924.61965172002,500.0
-301596.516475,500,6262.148433,train_env1.monitor,1418,709000,-204504.94315616,500.0
-156846.46541,500,6263.169086,train_env2.monitor,1419,709500,-203313.93729856,500.0
-128886.507903,500,6264.182279,train_env3.monitor,1420,710000,-201464.58036384,500.0
-184014.78923,500,6307.34172,train_env0.monitor,1421,710500,-202436.7948689,500.0
-199715.352134,500,6308.373528,train_env1.monitor,1422,711000,-203377.00925486,500.0
-294429.370003,500,6309.391797,train_env2.monitor,1423,711500,-206583.49627747998,500.0
-164537.170211,500,6310.439082,train_env3.monitor,1424,712000,-204200.65506867997,500.0
-238799.204074,500,6338.25346,train_env0.monitor,1425,712500,-202182.06160982003,500.0
-260005.763205,500,6339.270849,train_env1.monitor,1426,713000,-204895.26448185998,500.0
-210171.442391,500,6340.281976,train_env2.monitor,1427,713500,-205302.49015020003,500.0
-247010.994614,500,6341.299541,train_env3.monitor,1428,714000,-206829.63036176,500.0
-177283.619429,500,6356.101605,train_env0.monitor,1429,714500,-205926.19274533997,500.0
-214574.362701,500,6357.128518,train_env1.monitor,1430,715000,-205989.00882410002,500.0
-179430.882765,500,6358.148418,train_env2.monitor,1431,715500,-206976.74853357996,500.0
-320811.875189,500,6359.155759,train_env3.monitor,1432,716000,-209763.10931182,500.0
-168848.307003,500,6373.891631,train_env0.monitor,1433,716500,-208090.30722986002,500.0
-263200.072644,500,6374.886568,train_env1.monitor,1434,717000,-208375.91121634,500.0
-227644.004801,500,6375.900107,train_env2.monitor,1435,717500,-209338.89627851997,500.0
-191429.812957,500,6376.917463,train_env3.monitor,1436,718000,-208635.79192219998,500.0
-197902.029416,500,6391.837097,train_env0.monitor,1437,718500,-210143.64695301998,500.0
-171380.315786,500,6392.877541,train_env1.monitor,1438,719000,-209979.70085671998,500.0
-201015.527861,500,6393.913278,train_env2.monitor,1439,719500,-210489.45141051998,500.0
-197572.276656,500,6394.945154,train_env3.monitor,1440,720000,-209925.89104542002,500.0
-166509.74609,500,6450.547166,train_env0.monitor,1441,720500,-209453.52851983998,500.0
-125838.149416,500,6451.547449,train_env1.monitor,1442,721000,-206631.43300155998,500.0
-133444.463201,500,6452.565702,train_env2.monitor,1443,721500,-205158.67398056,500.0
-206507.612824,500,6453.585418,train_env3.monitor,1444,722000,-203408.97980610002,500.0
-226367.362251,500,6468.548109,train_env0.monitor,1445,722500,-204137.28630983998,500.0
-167181.288885,500,6469.59264,train_env1.monitor,1446,723000,-203375.75687972002,500.0
-118480.155822,500,6470.670396,train_env2.monitor,1447,723500,-199435.25524174,500.0
-170030.541503,500,6471.688367,train_env3.monitor,1448,724000,-198632.30350167997,500.0
-175936.09847,500,6486.441774,train_env0.monitor,1449,724500,-199598.43771176,500.0
-209263.112706,500,6487.482447,train_env1.monitor,1450,725000,-200260.6168146,500.0
-263002.681108,500,6488.519763,train_env2.monitor,1451,725500,-201901.32119096,500.0
-239003.108429,500,6489.531418,train_env3.monitor,1452,726000,-200867.22774559996,500.0
-241350.205789,500,6504.488171,train_env0.monitor,1453,726500,-202563.93634664,500.0
-263383.826233,500,6505.521592,train_env1.monitor,1454,727000,-204199.53648516,500.0
-172516.752547,500,6506.53759,train_env2.monitor,1455,727500,-204395.93040634,500.0
-247818.043672,500,6507.572613,train_env3.monitor,1456,728000,-206006.88427409998,500.0
-130496.218669,500,6535.379881,train_env0.monitor,1457,728500,-205286.46245466,500.0
-193928.398417,500,6536.410371,train_env1.monitor,1458,729000,-202671.53489610003,500.0
-109227.902406,500,6537.442753,train_env2.monitor,1459,729500,-200800.11557258,500.0
-193214.196673,500,6538.477726,train_env3.monitor,1460,730000,-199146.50094906,500.0
-158289.921351,500,6580.789163,train_env0.monitor,1461,730500,-198749.82749646,500.0
-243955.30365,500,6581.775252,train_env1.monitor,1462,731000,-202212.95217332,500.0
-298416.838521,500,6582.778442,train_env2.monitor,1463,731500,-203152.04535767998,500.0
-118228.575467,500,6583.779829,train_env3.monitor,1464,732000,-202562.51822146,500.0
-107770.485759,500,6597.917005,train_env0.monitor,1465,732500,-199121.82137694,500.0
-298141.423436,500,6598.946615,train_env1.monitor,1466,733000,-201669.49021708,500.0
-382458.345307,500,6599.961353,train_env2.monitor,1467,733500,-205157.34842919998,500.0
-128852.600506,500,6600.957337,train_env3.monitor,1468,734000,-201702.47010982,500.0
-238727.807398,500,6615.751228,train_env0.monitor,1469,734500,-203340.09694958,500.0
-236683.6626,500,6616.768562,train_env1.monitor,1470,735000,-205496.04004351998,500.0
-283309.824834,500,6617.768316,train_env2.monitor,1471,735500,-207481.9407556,500.0
-167224.896815,500,6618.801519,train_env3.monitor,1472,736000,-206832.13164922,500.0
-229139.044343,500,6646.500395,train_env0.monitor,1473,736500,-205526.32513602002,500.0
-154416.355552,500,6647.535096,train_env1.monitor,1474,737000,-205323.90884284,500.0
-177785.364495,500,6648.642025,train_env2.monitor,1475,737500,-204103.63205125998,500.0
-179728.634788,500,6649.655247,train_env3.monitor,1476,738000,-202498.08948292,500.0
-275822.307855,500,6664.294505,train_env0.monitor,1477,738500,-203811.10679219998,500.0
-156816.45866,500,6665.334338,train_env1.monitor,1478,739000,-202007.21607312,500.0
-270014.292909,500,6666.355473,train_env2.monitor,1479,739500,-203861.82954272002,500.0
-231795.321261,500,6667.358221,train_env3.monitor,1480,740000,-204206.24871392,500.0
-143368.292105,500,6710.940935,train_env0.monitor,1481,740500,-203484.99690072003,500.0
-215177.048243,500,6712.112299,train_env1.monitor,1482,741000,-201372.3003618,500.0
-237536.790145,500,6713.154266,train_env2.monitor,1483,741500,-202746.07002464,500.0
-153351.302277,500,6714.42737,train_env3.monitor,1484,742000,-200549.0946173,500.0
-197296.315758,500,6728.82911,train_env0.monitor,1485,742500,-199942.14083644003,500.0
-212661.893005,500,6729.834075,train_env1.monitor,1486,743000,-200366.78243740005,500.0
-313676.772478,500,6730.840098,train_env2.monitor,1487,743500,-202682.27729864002,500.0
-184874.772771,500,6731.844353,train_env3.monitor,1488,744000,-202952.16643833998,500.0
-136121.612857,500,6759.836933,train_env0.monitor,1489,744500,-201654.28813826002,500.0
-211123.40824,500,6760.854046,train_env1.monitor,1490,745000,-201925.31076993997,500.0
-184791.20689,500,6761.841768,train_env2.monitor,1491,745500,-202290.93998594,500.0
-132443.942427,500,6762.860248,train_env3.monitor,1492,746000,-202423.05584616002,500.0
-161469.250086,500,6777.763746,train_env0.monitor,1493,746500,-202983.55158385998,500.0
-145946.749819,500,6778.786496,train_env1.monitor,1494,747000,-201772.33432375998,500.0
-109957.967008,500,6779.794463,train_env2.monitor,1495,747500,-199444.1464189,500.0
-209677.377871,500,6780.827195,train_env3.monitor,1496,748000,-200294.06819862,500.0
-119031.064469,500,6795.722098,train_env0.monitor,1497,748500,-200305.08637156,500.0
-163210.556867,500,6796.754392,train_env1.monitor,1498,749000,-200168.68667884002,500.0
-144008.889117,500,6797.766577,train_env2.monitor,1499,749500,-199530.14249178,500.0
-238083.603638,500,6798.78046,train_env3.monitor,1500,750000,-200106.55231042003,500.0
-147238.781929,500,6842.281863,train_env0.monitor,1501,750500,-197791.27432684,500.0
-213615.91918,500,6843.305352,train_env1.monitor,1502,751000,-197283.53054186,500.0
-156352.932199,500,6844.329908,train_env2.monitor,1503,751500,-195583.58507006,500.0
-145724.039284,500,6845.331959,train_env3.monitor,1504,752000,-193230.38933108,500.0
-134536.107777,500,6873.670214,train_env0.monitor,1505,752500,-192470.77643568002,500.0
-95515.440665,500,6874.731696,train_env1.monitor,1506,753000,-189424.72437554,500.0
-152881.524721,500,6875.77498,train_env2.monitor,1507,753500,-189872.43049658,500.0
-153453.582845,500,6876.800513,train_env3.monitor,1508,754000,-189062.93418513998,500.0
-274437.968502,500,6891.250501,train_env0.monitor,1509,754500,-192367.13550705998,500.0
-117884.127204,500,6892.290028,train_env1.monitor,1510,755000,-190860.53411768,500.0
-198093.085237,500,6893.312285,train_env2.monitor,1511,755500,-191656.5973954,500.0
-236026.621737,500,6894.323193,train_env3.monitor,1512,756000,-191498.02375714,500.0
-244057.491201,500,6908.753707,train_env0.monitor,1513,756500,-190410.83681074,500.0
-285369.771059,500,6909.788432,train_env1.monitor,1514,757000,-193753.66072258004,500.0
-81523.925303,500,6910.784094,train_env2.monitor,1515,757500,-193228.72951345998,500.0
-87333.692082,500,6911.78543,train_env3.monitor,1516,758000,-189012.57488638,500.0
-148184.450108,500,6926.394876,train_env0.monitor,1517,758500,-184327.09698240002,500.0
-277293.913541,500,6927.443887,train_env1.monitor,1518,759000,-187295.9232431,500.0
-145327.859325,500,6928.463398,train_env2.monitor,1519,759500,-185427.92428163998,500.0
-158246.314109,500,6929.48736,train_env3.monitor,1520,760000,-183859.17731182,500.0
-160827.653544,500,6985.863003,train_env0.monitor,1521,760500,-181409.53388601998,500.0
-303996.145758,500,6986.891116,train_env1.monitor,1522,761000,-184144.95886487997,500.0
-181806.580551,500,6987.901253,train_env2.monitor,1523,761500,-183198.30958903997,500.0
-226988.116916,500,6988.925113,train_env3.monitor,1524,762000,-184649.74481632002,500.0
-201214.351322,500,7004.183988,train_env0.monitor,1525,762500,-185118.32455286,500.0
-170813.845079,500,7005.226741,train_env1.monitor,1526,763000,-184940.02875868,500.0
-155116.825344,500,7006.238082,train_env2.monitor,1527,763500,-182525.91910846002,500.0
-182511.932303,500,7007.264443,train_env3.monitor,1528,764000,-183039.82858131998,500.0
-144272.206344,500,7022.102963,train_env0.monitor,1529,764500,-180524.98685001998,500.0
-175980.518495,500,7023.119136,train_env1.monitor,1530,765000,-179408.69079469997,500.0
-191814.883217,500,7024.135565,train_env2.monitor,1531,765500,-180377.62261694,500.0
-143679.347035,500,7025.151187,train_env3.monitor,1532,766000,-178947.66859278,500.0
-130237.601744,500,7040.258754,train_env0.monitor,1533,766500,-176801.68482475998,500.0
-155990.136996,500,7041.29747,train_env1.monitor,1534,767000,-176854.46151914,500.0
-198358.793754,500,7042.309776,train_env2.monitor,1535,767500,-176875.71107905998,500.0
-137783.048667,500,7043.323541,train_env3.monitor,1536,768000,-175378.1341923,500.0
-246902.612548,500,7057.958724,train_env0.monitor,1537,768500,-174042.6509937,500.0
-189798.546113,500,7058.98165,train_env1.monitor,1538,769000,-174141.12646054002,500.0
-221346.297458,500,7059.993328,train_env2.monitor,1539,769500,-175845.62015255998,500.0
-318479.838601,500,7061.032773,train_env3.monitor,1540,770000,-177992.74875978,500.0
-202787.830326,500,7117.939306,train_env0.monitor,1541,770500,-178352.6812285,500.0
-173699.7412,500,7118.982307,train_env1.monitor,1542,771000,-179177.79720396,500.0
-151175.916485,500,7120.00491,train_env2.monitor,1543,771500,-178971.93053194002,500.0
-133740.909165,500,7121.028675,train_env3.monitor,1544,772000,-178727.81371886,500.0
-236131.982999,500,7136.140741,train_env0.monitor,1545,772500,-181251.29403868,500.0
-98624.043708,500,7137.165613,train_env1.monitor,1546,773000,-179030.22735542,500.0
-187275.768341,500,7138.176448,train_env2.monitor,1547,773500,-180395.12143286,500.0
-115268.587242,500,7139.20831,train_env3.monitor,1548,774000,-179436.28204035998,500.0
-216533.99032,500,7154.0686,train_env0.monitor,1549,774500,-180886.78406442,500.0
-259357.093229,500,7155.1249,train_env1.monitor,1550,775000,-181312.25385624,500.0
-198405.260268,500,7156.141259,train_env2.monitor,1551,775500,-182335.58342302003,500.0
-69651.084168,500,7157.159816,train_env3.monitor,1552,776000,-179456.28672277997,500.0
-206753.144979,500,7172.008145,train_env0.monitor,1553,776500,-180464.29097837998,500.0
-167446.141727,500,7173.017324,train_env1.monitor,1554,777000,-180898.73302724,500.0
-165184.853247,500,7174.045767,train_env2.monitor,1555,777500,-181511.70793663998,500.0
-216466.712176,500,7175.072083,train_env3.monitor,1556,778000,-183930.73336686,500.0
-179627.399246,500,7203.261862,train_env0.monitor,1557,778500,-184465.65085736,500.0
-190566.396327,500,7204.307275,train_env1.monitor,1558,779000,-185207.907127,500.0
-95331.176031,500,7205.320473,train_env2.monitor,1559,779500,-181625.77127758,500.0
-227233.212426,500,7206.34156,train_env3.monitor,1560,780000,-183812.75298202,500.0
-208215.87151,500,7250.510108,train_env0.monitor,1561,780500,-184015.20870748,500.0
-172117.885113,500,7251.532809,train_env1.monitor,1562,781000,-182737.033975,500.0
-252442.898772,500,7252.567592,train_env2.monitor,1563,781500,-182904.74212642,500.0
-187520.949497,500,7253.602068,train_env3.monitor,1564,782000,-180947.76569518,500.0
-175802.425169,500,7268.809084,train_env0.monitor,1565,782500,-182833.3356925,500.0
-131005.736566,500,7269.857719,train_env1.monitor,1566,783000,-183706.77658217997,500.0
-293810.777723,500,7270.858997,train_env2.monitor,1567,783500,-186619.30313448,500.0
-146435.046518,500,7271.873011,train_env3.monitor,1568,784000,-184002.12579402,500.0
-173335.661169,500,7286.678635,train_env0.monitor,1569,784500,-184562.2818309,500.0
-180960.644708,500,7287.75375,train_env1.monitor,1570,785000,-185016.56844288,500.0
-195897.707984,500,7288.770609,train_env2.monitor,1571,785500,-185717.96953167996,500.0
-168052.514743,500,7289.806849,train_env3.monitor,1572,786000,-182999.09691137998,500.0
-153744.346666,500,7317.914941,train_env0.monitor,1573,786500,-182437.85223368,500.0
-238435.835182,500,7318.961681,train_env1.monitor,1574,787000,-182666.80659899997,500.0
-160463.41045,500,7319.996538,train_env2.monitor,1575,787500,-181851.78778156,500.0
-214298.628195,500,7321.025744,train_env3.monitor,1576,788000,-182721.48344387996,500.0
-234740.93878,500,7336.209769,train_env0.monitor,1577,788500,-184313.96571259998,500.0
-145587.166624,500,7337.236842,train_env1.monitor,1578,789000,-183575.47039902,500.0
-167947.981869,500,7338.252286,train_env2.monitor,1579,789500,-184048.98590951998,500.0
-272529.617235,500,7339.275103,train_env3.monitor,1580,790000,-185979.96788432,500.0
-171978.382985,500,7383.671707,train_env0.monitor,1581,790500,-185583.23787967997,500.0
-175375.103189,500,7384.699292,train_env1.monitor,1582,791000,-186217.15300276,500.0
-136195.850763,500,7385.702862,train_env2.monitor,1583,791500,-186336.31798313998,500.0
-128822.644598,500,7386.738249,train_env3.monitor,1584,792000,-185792.96813517998,500.0
-171193.751071,500,7401.552564,train_env0.monitor,1585,792500,-185249.66728152,500.0
-308060.139299,500,7402.587065,train_env1.monitor,1586,793000,-188655.20909415997,500.0
-170061.512034,500,7403.586304,train_env2.monitor,1587,793500,-187118.38708388002,500.0
-263987.473408,500,7404.586974,train_env3.monitor,1588,794000,-188602.16562978,500.0
-271024.991803,500,7432.468257,train_env0.monitor,1589,794500,-189595.73951668,500.0
-363992.689715,500,7433.523285,train_env1.monitor,1590,795000,-190505.99653896,500.0
-253690.867902,500,7434.550642,train_env2.monitor,1591,795500,-191524.05729047998,500.0
-162192.189076,500,7435.570223,train_env3.monitor,1592,796000,-191293.906248,500.0
-148859.235585,500,7450.819391,train_env0.monitor,1593,796500,-191247.57262999995,500.0
-240263.243607,500,7451.869732,train_env1.monitor,1594,797000,-193378.01931884003,500.0
-176969.940948,500,7452.892166,train_env2.monitor,1595,797500,-192194.77847782001,500.0
-169976.175576,500,7453.921712,train_env3.monitor,1596,798000,-193621.82111518,500.0
-151393.498065,500,7468.979673,train_env0.monitor,1597,798500,-192904.17570966002,500.0
-223448.069655,500,7470.002868,train_env1.monitor,1598,799000,-195067.76535792,500.0
-156180.915467,500,7470.999886,train_env2.monitor,1599,799500,-193860.70386085997,500.0
-97417.490162,500,7472.009675,train_env3.monitor,1600,800000,-190621.91179952,500.0
-109418.30302,500,7516.166298,train_env0.monitor,1601,800500,-188842.17265455998,500.0
-149726.9558,500,7517.189008,train_env1.monitor,1602,801000,-190443.69008720003,500.0
-156599.684825,500,7518.212683,train_env2.monitor,1603,801500,-189440.62088412003,500.0
-162440.28129,500,7519.273585,train_env3.monitor,1604,802000,-189340.50367538002,500.0
-168215.236836,500,7546.179602,train_env0.monitor,1605,802500,-189401.11134716,500.0
-147865.83858,500,7546.60178,train_env1.monitor,1606,803000,-188029.09387523998,500.0
-235126.325677,500,7547.132978,train_env2.monitor,1607,803500,-189139.07240386,500.0
-101312.311765,500,7547.650831,train_env3.monitor,1608,804000,-187353.99071261997,500.0
-261961.461176,500,7553.832698,train_env0.monitor,1609,804500,-190686.59641552,500.0
-100573.986194,500,7554.191185,train_env1.monitor,1610,805000,-188153.41189087997,500.0
-159121.492176,500,7554.545317,train_env2.monitor,1611,805500,-187171.5243042,500.0
-139802.94668,500,7554.965839,train_env3.monitor,1612,806000,-186525.22553554,500.0
-156940.858726,500,7559.394713,train_env0.monitor,1613,806500,-184615.18473462,500.0
-148270.955434,500,7559.658639,train_env1.monitor,1614,807000,-183830.18485336003,500.0
-147173.967328,500,7559.882648,train_env2.monitor,1615,807500,-183257.61569654,500.0
-99641.921671,500,7560.111929,train_env3.monitor,1616,808000,-182630.33939864003,500.0
-82235.76477,500,7564.59956,train_env0.monitor,1617,808500,-178398.83913957997,500.0
-126858.492606,500,7564.837726,train_env1.monitor,1618,809000,-178007.30806134,500.0
-168255.870729,500,7565.094347,train_env2.monitor,1619,809500,-177905.71225254,500.0
-99100.991131,500,7565.350584,train_env3.monitor,1620,810000,-176268.51918099998,500.0
-101944.978811,500,7580.022901,train_env0.monitor,1621,810500,-174389.46459754,500.0
-111565.753575,500,7580.249116,train_env1.monitor,1622,811000,-173259.72937418002,500.0
-157668.357639,500,7580.412966,train_env2.monitor,1623,811500,-173338.20959364,500.0
-138788.063254,500,7580.581006,train_env3.monitor,1624,812000,-171345.25415507998,500.0
-181295.508945,500,7584.177406,train_env0.monitor,1625,812500,-171761.89612498,500.0
-212222.118663,500,7584.34991,train_env1.monitor,1626,813000,-171720.36593434,500.0
-276454.341472,500,7584.513632,train_env2.monitor,1627,813500,-172554.63398818002,500.0
-146268.532937,500,7584.680675,train_env3.monitor,1628,814000,-172568.26131444,500.0
-218493.660486,500,7588.097316,train_env0.monitor,1629,814500,-173579.17488678,500.0
-319449.545511,500,7588.300268,train_env1.monitor,1630,815000,-174517.57345229998,500.0
-106183.242644,500,7588.464444,train_env2.monitor,1631,815500,-173201.67064548002,500.0
-264256.335789,500,7588.635849,train_env3.monitor,1632,816000,-174979.29529748,500.0
-219674.879053,500,7592.064098,train_env0.monitor,1633,816500,-176648.87586328,500.0
-275069.81018,500,7592.240682,train_env1.monitor,1634,817000,-179573.81917492003,500.0
-299690.751242,500,7592.402815,train_env2.monitor,1635,817500,-182143.75917834,500.0
-147162.150211,500,7592.571224,train_env3.monitor,1636,818000,-178925.79939658,500.0
-199181.426919,500,7599.696656,train_env0.monitor,1637,818500,-179508.19769428,500.0
-216911.232688,500,7599.872195,train_env1.monitor,1638,819000,-178566.67287988,500.0
-122671.682084,500,7600.03727,train_env2.monitor,1639,819500,-175599.6066855,500.0
-192022.325958,500,7600.209442,train_env3.monitor,1640,820000,-172160.19941036002,500.0
-187018.474218,500,7610.219027,train_env0.monitor,1641,820500,-170826.75153668,500.0
-147460.98955,500,7610.395469,train_env1.monitor,1642,821000,-170532.12754616,500.0
-238017.413082,500,7610.565339,train_env2.monitor,1643,821500,-172315.2910961,500.0
-177058.282434,500,7610.74151,train_env3.monitor,1644,822000,-171051.19187264,500.0
-187610.3233,500,7614.230662,train_env0.monitor,1645,822500,-171263.99951968,500.0
-167036.072733,500,7614.409804,train_env1.monitor,1646,823000,-171205.19746282,500.0
-90551.620546,500,7614.579285,train_env2.monitor,1647,823500,-169988.35991244,500.0
-147837.680928,500,7614.752902,train_env3.monitor,1648,824000,-168476.1521379,500.0
-144956.012251,500,7618.192655,train_env0.monitor,1649,824500,-168251.65407358002,500.0
-248987.564327,500,7618.374024,train_env1.monitor,1650,825000,-171283.05555688002,500.0
-231049.34971,500,7618.536134,train_env2.monitor,1651,825500,-173715.67649067997,500.0
-234948.840314,500,7618.704627,train_env3.monitor,1652,826000,-175420.11418096,500.0
-168329.815343,500,7625.475075,train_env0.monitor,1653,826500,-175654.71679132,500.0
-90240.904702,500,7625.649298,train_env1.monitor,1654,827000,-174210.72925956,500.0
-222376.465724,500,7625.813608,train_env2.monitor,1655,827500,-175293.95383731998,500.0
-192543.000247,500,7625.979953,train_env3.monitor,1656,828000,-176187.49707066003,500.0
-178348.058472,500,7629.506109,train_env0.monitor,1657,828500,-175051.93172656003,500.0
-163428.851337,500,7629.684106,train_env1.monitor,1658,829000,-176294.262518,500.0
-182096.498158,500,7629.847492,train_env2.monitor,1659,829500,-174696.96325764002,500.0
-208368.956358,500,7630.014225,train_env3.monitor,1660,830000,-176852.86266092001,500.0
-125887.964319,500,7640.344352,train_env0.monitor,1661,830500,-176188.19210378002,500.0
-151427.095375,500,7640.524045,train_env1.monitor,1662,831000,-176420.67507768,500.0
-195349.202652,500,7640.701699,train_env2.monitor,1663,831500,-177188.8419562,500.0
-181662.942536,500,7640.882395,train_env3.monitor,1664,832000,-177856.68169824,500.0
-203818.038419,500,7644.310132,train_env0.monitor,1665,832500,-178989.56312006002,500.0
-251886.943262,500,7644.492471,train_env1.monitor,1666,833000,-182034.46355188,500.0
-151412.683057,500,7644.656508,train_env2.monitor,1667,833500,-183418.00191762001,500.0
-199363.8136,500,7644.823194,train_env3.monitor,1668,834000,-184868.1083375,500.0
-248982.913154,500,7651.809193,train_env0.monitor,1669,834500,-186482.649186,500.0
-136194.14505,500,7652.008625,train_env1.monitor,1670,835000,-187224.51226438,500.0
-140917.403384,500,7652.189632,train_env2.monitor,1671,835500,-188003.96075584003,500.0
-175434.435988,500,7652.356196,train_env3.monitor,1672,836000,-189281.3344041,500.0
-180850.288142,500,7656.123609,train_env0.monitor,1673,836500,-189744.97301415997,500.0
-202575.422353,500,7656.391277,train_env1.monitor,1674,837000,-191020.72019614,500.0
-216553.365797,500,7656.564825,train_env2.monitor,1675,837500,-191725.87733317996,500.0
-94268.701878,500,7656.734338,train_env3.monitor,1676,838000,-189366.80899747997,500.0
-265019.290089,500,7660.40057,train_env0.monitor,1677,838500,-189138.10796981998,500.0
-286665.164205,500,7660.599024,train_env1.monitor,1678,839000,-191946.04059517998,500.0
-172347.206022,500,7660.766364,train_env2.monitor,1679,839500,-191023.11150590001,500.0
-77115.425059,500,7660.932188,train_env3.monitor,1680,840000,-186176.42909686,500.0
-154455.526496,500,7671.799571,train_env0.monitor,1681,840500,-187141.8747739,500.0
-237252.151988,500,7671.999949,train_env1.monitor,1682,841000,-186601.79109787996,500.0
-153740.202735,500,7672.172378,train_env2.monitor,1683,841500,-185283.09757152002,500.0
-144447.39739,500,7672.343377,train_env3.monitor,1684,842000,-182670.64931572,500.0
-162592.109886,500,7679.808815,train_env0.monitor,1685,842500,-179928.67648859997,500.0
-143386.796736,500,7680.017026,train_env1.monitor,1686,843000,-179853.16941909998,500.0
-138957.358533,500,7680.180897,train_env2.monitor,1687,843500,-178648.68805137998,500.0
-164096.94628,500,7680.347514,train_env3.monitor,1688,844000,-177592.40232322,500.0
-179135.501081,500,7683.945296,train_env0.monitor,1689,844500,-178721.67870316,500.0
-191337.512747,500,7684.150162,train_env1.monitor,1690,845000,-178707.98243894,500.0
-207765.477895,500,7684.317889,train_env2.monitor,1691,845500,-179122.92251247997,500.0
-257348.160735,500,7684.486255,train_env3.monitor,1692,846000,-181320.66593617998,500.0
-338255.40178,500,7688.018171,train_env0.monitor,1693,846500,-183325.42571013997,500.0
-184475.124319,500,7688.217063,train_env1.monitor,1694,847000,-183473.76254784,500.0
-205377.263403,500,7688.383127,train_env2.monitor,1695,847500,-183829.10134989998,500.0
-168489.739622,500,7688.549646,train_env3.monitor,1696,848000,-183858.17468768,500.0
-147597.929196,500,7692.143147,train_env0.monitor,1697,848500,-184999.10086068002,500.0
-174942.543212,500,7692.340621,train_env1.monitor,1698,849000,-185541.19810635998,500.0
-104305.293739,500,7692.51088,train_env2.monitor,1699,849500,-184728.18373611997,500.0
-168278.237836,500,7692.680324,train_env3.monitor,1700,850000,-183113.99720629997,500.0
-118019.461375,500,7706.945845,train_env0.monitor,1701,850500,-180853.3994396,500.0
-92440.610514,500,7707.158348,train_env1.monitor,1702,851000,-178003.2348436,500.0
-169210.275174,500,7707.329185,train_env2.monitor,1703,851500,-178020.84404022002,500.0
-183495.989764,500,7707.504001,train_env3.monitor,1704,852000,-179885.94574146,500.0
-142097.477208,500,7711.105939,train_env0.monitor,1705,852500,-178280.36597114,500.0
-214346.892775,500,7711.302341,train_env1.monitor,1706,853000,-178716.4438217,500.0
-250127.687866,500,7711.465349,train_env2.monitor,1707,853500,-180152.03640957997,500.0
-140187.966826,500,7711.633328,train_env3.monitor,1708,854000,-179687.21871936,500.0
-111194.126095,500,7715.297077,train_env0.monitor,1709,854500,-178269.17127810002,500.0
-147929.995181,500,7715.536337,train_env1.monitor,1710,855000,-177060.39205456,500.0
-221063.408229,500,7715.710896,train_env2.monitor,1711,855500,-178963.90093275998,500.0
-134288.446895,500,7715.907462,train_env3.monitor,1712,856000,-178621.12796316,500.0
-223727.738635,500,7719.638431,train_env0.monitor,1713,856500,-179188.69868282,500.0
-222120.471145,500,7719.835944,train_env1.monitor,1714,857000,-179997.84925499998,500.0
-174815.596462,500,7720.003791,train_env2.monitor,1715,857500,-179417.80041586,500.0
-189436.165845,500,7720.172844,train_env3.monitor,1716,858000,-178168.78486752,500.0
-265678.500322,500,7723.869643,train_env0.monitor,1717,858500,-180454.10121282,500.0
-152573.91296,500,7724.066874,train_env1.monitor,1718,859000,-179518.30320002002,500.0
-285778.301683,500,7724.231781,train_env2.monitor,1719,859500,-180254.2109706,500.0
-149177.664033,500,7724.399492,train_env3.monitor,1720,860000,-180513.88135025997,500.0
-89734.768995,500,7739.031463,train_env0.monitor,1721,860500,-179490.22866247996,500.0
-160952.655763,500,7739.226353,train_env1.monitor,1722,861000,-179200.59305797998,500.0
-146852.943604,500,7739.397653,train_env2.monitor,1723,861500,-178520.64616722,500.0
-108188.986198,500,7739.568496,train_env3.monitor,1724,862000,-176632.91744412002,500.0
-183573.486313,500,7743.178883,train_env0.monitor,1725,862500,-175973.31985444002,500.0
-206586.145424,500,7743.378289,train_env1.monitor,1726,863000,-178219.66872536,500.0
-296263.359815,500,7743.546101,train_env2.monitor,1727,863500,-178844.55011988003,500.0
-103505.655865,500,7743.715675,train_env3.monitor,1728,864000,-175181.35995308,500.0
-187372.678779,500,7747.280153,train_env0.monitor,1729,864500,-175481.86940822002,500.0
-180664.657371,500,7747.479347,train_env1.monitor,1730,865000,-177552.85405446,500.0
-139927.510742,500,7747.646113,train_env2.monitor,1731,865500,-177262.29373938002,500.0
-210442.066398,500,7747.810353,train_env3.monitor,1732,866000,-176726.09202758,500.0
-117151.105032,500,7751.481637,train_env0.monitor,1733,866500,-175994.31007351997,500.0
-191311.603112,500,7751.67402,train_env1.monitor,1734,867000,-176931.59418796003,500.0
-165058.599452,500,7751.840806,train_env2.monitor,1735,867500,-176980.92397928002,500.0
-157067.334615,500,7752.006535,train_env3.monitor,1736,868000,-177254.53473686002,500.0
-139975.602252,500,7760.253775,train_env0.monitor,1737,868500,-177274.89961124,500.0
-165018.552611,500,7760.567883,train_env1.monitor,1738,869000,-177293.33173786,500.0
-134868.275521,500,7760.865514,train_env2.monitor,1739,869500,-176407.98722665999,500.0
-194125.422834,500,7761.169318,train_env3.monitor,1740,870000,-176463.7454284,500.0
-119631.658588,500,7791.392513,train_env0.monitor,1741,870500,-174701.06904226,500.0
-166807.166284,500,7792.079661,train_env1.monitor,1742,871000,-172890.24915324,500.0
-103292.059896,500,7792.815603,train_env2.monitor,1743,871500,-168190.98231556002,500.0
-70844.646549,500,7793.597537,train_env3.monitor,1744,872000,-165918.37276016,500.0
-152191.921201,500,7806.665554,train_env0.monitor,1745,872500,-164854.66591612,500.0
-197935.240806,500,7807.458713,train_env1.monitor,1746,873000,-165443.5759398,500.0
-237383.100825,500,7808.322294,train_env2.monitor,1747,873500,-167239.27937238,500.0
-115671.808886,500,7809.086666,train_env3.monitor,1748,874000,-166053.86468586,500.0
-237635.083914,500,7821.119165,train_env0.monitor,1749,874500,-168720.46048936003,500.0
-292848.186189,500,7822.152628,train_env1.monitor,1750,875000,-171211.85945641997,500.0
-202049.148226,500,7823.059685,train_env2.monitor,1751,875500,-172892.45319344,500.0
-118500.11934,500,7823.985909,train_env3.monitor,1752,876000,-173413.64336996002,500.0
-142545.603349,500,7839.670994,train_env0.monitor,1753,876500,-172880.34993346,500.0
-167013.317706,500,7839.970342,train_env1.monitor,1754,877000,-172550.6964923,500.0
-244438.479906,500,7840.174831,train_env2.monitor,1755,877500,-174597.51654626,500.0
-148208.048154,500,7840.383506,train_env3.monitor,1756,878000,-173274.73965384,500.0
-146777.165357,500,7846.783601,train_env0.monitor,1757,878500,-171207.72920366,500.0
-149666.921919,500,7847.069305,train_env1.monitor,1758,879000,-171397.30830552,500.0
-150364.483874,500,7847.322773,train_env2.monitor,1759,879500,-172180.71546110002,500.0
-104479.19447,500,7847.584474,train_env3.monitor,1760,880000,-171311.69944688,500.0
-148629.354158,500,7861.574035,train_env0.monitor,1761,880500,-169863.01836546,500.0
-289610.313127,500,7861.83526,train_env1.monitor,1762,881000,-172969.4556901,500.0
-217066.053159,500,7862.046058,train_env2.monitor,1763,881500,-172836.22198057998,500.0
-110754.858095,500,7862.242142,train_env3.monitor,1764,882000,-170608.90971958,500.0
-193807.877733,500,7866.428693,train_env0.monitor,1765,882500,-170988.75534499998,500.0
-166593.045399,500,7866.625009,train_env1.monitor,1766,883000,-170531.89293608,500.0
-214767.571653,500,7866.817538,train_env2.monitor,1767,883500,-169513.6743627,500.0
-251118.711682,500,7866.986656,train_env3.monitor,1768,884000,-171484.57033714,500.0
-200699.800736,500,7874.842279,train_env0.monitor,1769,884500,-169783.00031819998,500.0
-173350.35903,500,7875.058448,train_env1.monitor,1770,885000,-170266.45421814,500.0
-131357.595714,500,7875.229393,train_env2.monitor,1771,885500,-171098.91075252,500.0
-211887.451146,500,7875.40128,train_env3.monitor,1772,886000,-172117.60666017997,500.0
-113365.749607,500,7879.279571,train_env0.monitor,1773,886500,-171447.86278024,500.0
-214864.369491,500,7879.486795,train_env1.monitor,1774,887000,-173581.3704461,500.0
-229985.885763,500,7879.655274,train_env2.monitor,1775,887500,-174509.6184351,500.0
-295644.596683,500,7879.837873,train_env3.monitor,1776,888000,-176290.78746028,500.0
-179340.54191,500,7883.626278,train_env0.monitor,1777,888500,-173952.33110218,500.0
-160149.978165,500,7883.860983,train_env1.monitor,1778,889000,-175085.21754818,500.0
-229758.476821,500,7884.101634,train_env2.monitor,1779,889500,-175932.93350902,500.0
-94573.037465,500,7884.356101,train_env3.monitor,1780,890000,-174211.1011109,500.0
-169893.45865,500,7895.502173,train_env0.monitor,1781,890500,-174810.42006906,500.0
-212828.88732,500,7895.701818,train_env1.monitor,1782,891000,-174858.1564875,500.0
-122973.227942,500,7895.881577,train_env2.monitor,1783,891500,-174974.59894569998,500.0
-237466.559176,500,7896.053335,train_env3.monitor,1784,892000,-175897.69806698003,500.0
-185760.57333,500,7904.163816,train_env0.monitor,1785,892500,-176311.73754453997,500.0
-203952.039442,500,7904.402836,train_env1.monitor,1786,893000,-177249.43164108,500.0
-196428.21068,500,7904.574984,train_env2.monitor,1787,893500,-178378.48380964,500.0
-184539.351762,500,7904.743475,train_env3.monitor,1788,894000,-178768.89979266,500.0
-146648.924778,500,7908.602343,train_env0.monitor,1789,894500,-179004.5127778,500.0
-278180.332356,500,7908.811217,train_env1.monitor,1790,895000,-180685.61096824,500.0
-142553.345488,500,7908.991379,train_env2.monitor,1791,895500,-181144.04470624,500.0
-261038.604254,500,7909.161554,train_env3.monitor,1792,896000,-183028.67346564,500.0
-163104.732755,500,7912.855356,train_env0.monitor,1793,896500,-184224.92692281998,500.0
-194841.706711,500,7913.055132,train_env1.monitor,1794,897000,-186704.86812606,500.0
-122562.88126,500,7913.230988,train_env2.monitor,1795,897500,-186112.28732724,500.0
-208475.710644,500,7913.404608,train_env3.monitor,1796,898000,-186323.096724,500.0
-203913.37468,500,7917.155199,train_env0.monitor,1797,898500,-185653.70220109998,500.0
-213853.648602,500,7917.354309,train_env1.monitor,1798,899000,-187617.33899542,500.0
-276950.771804,500,7917.520281,train_env2.monitor,1799,899500,-188403.65275322003,500.0
-133589.387958,500,7917.69055,train_env3.monitor,1800,900000,-185218.4767886,500.0
-233131.706644,500,7932.610884,train_env0.monitor,1801,900500,-185840.12795696,500.0
-182559.633098,500,7932.829775,train_env1.monitor,1802,901000,-187121.31823212,500.0
-229626.613162,500,7932.998782,train_env2.monitor,1803,901500,-188862.93842838,500.0
-93478.426095,500,7933.167636,train_env3.monitor,1804,902000,-187392.24059616,500.0
-165597.649717,500,7937.031669,train_env0.monitor,1805,902500,-185815.42399237998,500.0
-174202.730546,500,7937.227315,train_env1.monitor,1806,903000,-186335.31764022,500.0
-135621.430057,500,7937.394176,train_env2.monitor,1807,903500,-186112.20293422,500.0
-119064.198144,500,7937.56105,train_env3.monitor,1808,904000,-185500.14845872,500.0
-176568.952082,500,7941.29624,train_env0.monitor,1809,904500,-186024.23782288,500.0
-151801.104192,500,7941.488777,train_env1.monitor,1810,905000,-186970.67601732002,500.0
-168329.463658,500,7941.655247,train_env2.monitor,1811,905500,-187364.67820732,500.0
-227355.676064,500,7941.835333,train_env3.monitor,1812,906000,-186119.58546605997,500.0
-132179.144986,500,7945.541354,train_env0.monitor,1813,906500,-184421.84730259998,500.0
-236964.465567,500,7945.744013,train_env1.monitor,1814,907000,-186946.03945204,500.0
-154023.146725,500,7945.922136,train_env2.monitor,1815,907500,-186150.34483188,500.0
-144559.715246,500,7946.092068,train_env3.monitor,1816,908000,-185709.67822882,500.0
-174100.12644,500,7953.953148,train_env0.monitor,1817,908500,-184896.32932455998,500.0
-162372.299071,500,7954.148956,train_env1.monitor,1818,909000,-183121.40107234,500.0
-147801.911157,500,7954.311816,train_env2.monitor,1819,909500,-182063.44328075997,500.0
-115099.608863,500,7954.477465,train_env3.monitor,1820,910000,-180898.42827742003,500.0
-153035.63082,500,7965.810596,train_env0.monitor,1821,910500,-181331.98897953998,500.0
-198701.626115,500,7966.013208,train_env1.monitor,1822,911000,-181068.27247892,500.0
-187240.413201,500,7966.191368,train_env2.monitor,1823,911500,-182545.7657508,500.0
-81642.983294,500,7966.363914,train_env3.monitor,1824,912000,-179881.33802686003,500.0
-117283.598144,500,7970.185002,train_env0.monitor,1825,912500,-177627.29227448,500.0
-107340.257518,500,7970.382431,train_env1.monitor,1826,913000,-173861.20549118,500.0
-142364.205888,500,7970.553573,train_env2.monitor,1827,913500,-173121.67877074,500.0
-146056.030427,500,7970.723163,train_env3.monitor,1828,914000,-172839.79981597996,500.0
-116173.293954,500,7974.549188,train_env0.monitor,1829,914500,-170568.09615864002,500.0
-121205.333162,500,7974.753748,train_env1.monitor,1830,915000,-171100.74207257997,500.0
-102012.446743,500,7974.924119,train_env2.monitor,1831,915500,-169743.12183444,500.0
-192525.530885,500,7975.095469,train_env3.monitor,1832,916000,-169337.05470573998,500.0
-181145.609441,500,7982.856478,train_env0.monitor,1833,916500,-170500.50233572,500.0
-139517.697581,500,7983.044126,train_env1.monitor,1834,917000,-168541.52510382,500.0
-101659.891413,500,7983.213968,train_env2.monitor,1835,917500,-166859.51146548,500.0
-204743.306105,500,7983.381649,train_env3.monitor,1836,918000,-166875.33679874,500.0
-171382.320059,500,7987.049524,train_env0.monitor,1837,918500,-166374.41898632,500.0
-120768.898027,500,7987.247164,train_env1.monitor,1838,919000,-165099.00991162,500.0
-139222.362624,500,7987.43446,train_env2.monitor,1839,919500,-164950.47866854002,500.0
-94207.813336,500,7987.624547,train_env3.monitor,1840,920000,-161271.02828814,500.0
-193407.323285,500,7998.76772,train_env0.monitor,1841,920500,-162288.10784408002,500.0
-172014.592291,500,7998.964635,train_env1.monitor,1842,921000,-160507.62760481998,500.0
-265640.144371,500,7999.131259,train_env2.monitor,1843,921500,-162558.33583713998,500.0
-152907.846473,500,7999.29835,train_env3.monitor,1844,922000,-161719.65863238,500.0
-151573.313544,500,8002.980167,train_env0.monitor,1845,922500,-162299.86727806,500.0
-183181.028718,500,8003.186264,train_env1.monitor,1846,923000,-161793.97363954,500.0
-173524.372652,500,8003.355058,train_env2.monitor,1847,923500,-161186.19359898,500.0
-119861.352728,500,8003.521858,train_env3.monitor,1848,924000,-159306.3476815,500.0
-201894.558699,500,8011.09724,train_env0.monitor,1849,924500,-157805.2234194,500.0
-150839.37137,500,8011.295788,train_env1.monitor,1850,925000,-158150.22308763998,500.0
-128410.151519,500,8011.465689,train_env2.monitor,1851,925500,-156055.79198514,500.0
-244160.630233,500,8011.636085,train_env3.monitor,1852,926000,-157287.81192784,500.0
-129219.387513,500,8015.312241,train_env0.monitor,1853,926500,-155279.66741485999,500.0
-116500.048378,500,8015.506734,train_env1.monitor,1854,927000,-155740.09986052,500.0
-190593.845412,500,8015.700863,train_env2.monitor,1855,927500,-156240.02377442,500.0
-327928.751703,500,8015.938028,train_env3.monitor,1856,928000,-159314.54419756,500.0
-183162.809438,500,8019.770782,train_env0.monitor,1857,928500,-160265.37178518,500.0
-251111.771227,500,8019.986264,train_env1.monitor,1858,929000,-162906.32324684,500.0
-153441.816191,500,8020.148245,train_env2.monitor,1859,929500,-162443.78052902,500.0
-83431.02475,500,8020.316074,train_env3.monitor,1860,930000,-161076.37894018,500.0
-214719.277303,500,8031.194861,train_env0.monitor,1861,930500,-162004.17521308002,500.0
-169264.70333,500,8031.398747,train_env1.monitor,1862,931000,-160842.3557584,500.0
-123491.53392,500,8031.564416,train_env2.monitor,1863,931500,-160668.60353708,500.0
-135434.139442,500,8031.731327,train_env3.monitor,1864,932000,-158637.99701458,500.0
-177668.663399,500,8039.353032,train_env0.monitor,1865,932500,-159110.90734806,500.0
-183648.359076,500,8039.559387,train_env1.monitor,1866,933000,-159892.68022465997,500.0
-274650.187109,500,8039.73009,train_env2.monitor,1867,933500,-161903.68143804,500.0
-145266.775227,500,8039.896971,train_env3.monitor,1868,934000,-161561.57096116,500.0
-130863.372693,500,8043.574044,train_env0.monitor,1869,934500,-161222.80019188,500.0
-228986.030272,500,8043.768213,train_env1.monitor,1870,935000,-163500.52862005998,500.0
-171189.691237,500,8043.936249,train_env2.monitor,1871,935500,-163863.6098284,500.0
-143054.78302,500,8044.100954,train_env3.monitor,1872,936000,-162750.6729665,500.0
-175240.391427,500,8047.726786,train_env0.monitor,1873,936500,-162510.67253102,500.0
-203183.323416,500,8047.930472,train_env1.monitor,1874,937000,-164941.47933345998,500.0
-208703.754034,500,8048.100452,train_env2.monitor,1875,937500,-166769.88245126,500.0
-103105.084669,500,8048.267492,train_env3.monitor,1876,938000,-166685.17899428,500.0
-120179.30077,500,8052.008361,train_env0.monitor,1877,938500,-166241.48089192001,500.0
-179517.918538,500,8052.213316,train_env1.monitor,1878,939000,-166910.71865414,500.0
-214874.849415,500,8052.381382,train_env2.monitor,1879,939500,-168884.74976335999,500.0
-141091.026829,500,8052.555377,train_env3.monitor,1880,940000,-169282.46363669998,500.0
-164697.625928,500,8063.110248,train_env0.monitor,1881,940500,-170536.1672204,500.0
-208296.022274,500,8063.311666,train_env1.monitor,1882,941000,-170851.57704817998,500.0
-333577.980764,500,8063.484578,train_env2.monitor,1883,941500,-173900.22447464,500.0
-268180.509878,500,8063.656921,train_env3.monitor,1884,942000,-176473.48072058,500.0
-82853.001109,500,8071.358452,train_env0.monitor,1885,942500,-176097.3429145,500.0
-263060.378989,500,8071.562449,train_env1.monitor,1886,943000,-177263.68437218,500.0
-87886.745737,500,8071.731176,train_env2.monitor,1887,943500,-175593.77288573998,500.0
-215979.298055,500,8071.896698,train_env3.monitor,1888,944000,-177497.9808863,500.0
-301248.323389,500,8075.742206,train_env0.monitor,1889,944500,-180738.5001016,500.0
-234394.998991,500,8076.041553,train_env1.monitor,1890,945000,-183542.2438147,500.0
-130276.761799,500,8076.237816,train_env2.monitor,1891,945500,-182279.63258498,500.0
-117533.388543,500,8076.44576,train_env3.monitor,1892,946000,-181190.00851002,500.0
-133503.920517,500,8080.61897,train_env0.monitor,1893,946500,-178547.28403293996,500.0
-99798.430294,500,8080.820289,train_env1.monitor,1894,947000,-177485.09570936003,500.0
-123949.469748,500,8080.990957,train_env2.monitor,1895,947500,-176932.61883344,500.0
-151501.380326,500,8081.159565,train_env3.monitor,1896,948000,-176299.0258656,500.0
-148988.895358,500,8084.955271,train_env0.monitor,1897,948500,-175808.31631972,500.0
-184530.126184,500,8085.160233,train_env1.monitor,1898,949000,-177101.69178884,500.0
-148497.390495,500,8085.327444,train_env2.monitor,1899,949500,-176033.74842475998,500.0
-124918.041342,500,8085.498596,train_env3.monitor,1900,950000,-175515.32182419996,500.0
-128306.706016,500,8100.115988,train_env0.monitor,1901,950500,-175513.25291414,500.0
-280684.129082,500,8100.317093,train_env1.monitor,1902,951000,-176243.72289111998,500.0
-154400.384382,500,8100.48081,train_env2.monitor,1903,951500,-176747.34282849997,500.0
-201055.791599,500,8100.650368,train_env3.monitor,1904,952000,-178438.45769291997,500.0
-160633.791623,500,8104.376004,train_env0.monitor,1905,952500,-177839.25661714,500.0
-100260.07703,500,8104.583612,train_env1.monitor,1906,953000,-173285.88312368002,500.0
-101798.17731,500,8104.75126,train_env2.monitor,1907,953500,-171658.59048112002,500.0
-164298.6038,500,8104.921261,train_env3.monitor,1908,954000,-169922.32713258002,500.0
-167162.016707,500,8108.603487,train_env0.monitor,1909,954500,-170196.73114289998,500.0
-189805.508087,500,8108.803482,train_env1.monitor,1910,955000,-172324.22080963998,500.0
-172149.032878,500,8108.979585,train_env2.monitor,1911,955500,-171472.81592114002,500.0
-164949.215107,500,8109.147492,train_env3.monitor,1912,956000,-171386.50615668,500.0
-154122.076709,500,8112.868436,train_env0.monitor,1913,956500,-171999.11701246002,500.0
-147995.334061,500,8113.089966,train_env1.monitor,1914,957000,-172250.34090484,500.0
-322618.822295,500,8113.257059,train_env2.monitor,1915,957500,-175149.34408275998,500.0
-138037.864487,500,8113.425058,train_env3.monitor,1916,958000,-174237.13419097997,500.0
-103444.383359,500,8121.054101,train_env0.monitor,1917,958500,-170813.01811598,500.0
-133061.382794,500,8121.257845,train_env1.monitor,1918,959000,-170568.91026731997,500.0
-129887.371089,500,8121.431931,train_env2.monitor,1919,959500,-170549.39023524002,500.0
-100994.342987,500,8121.600707,train_env3.monitor,1920,960000,-167989.55648954,500.0
-122539.626635,500,8132.496473,train_env0.monitor,1921,960500,-167016.55519749998,500.0
-218303.754366,500,8132.708352,train_env1.monitor,1922,961000,-168521.53462442,500.0
-168003.641039,500,8132.874218,train_env2.monitor,1923,961500,-168376.79961666,500.0
-141649.238799,500,8133.039838,train_env3.monitor,1924,962000,-167146.11792432002,500.0
-111640.485626,500,8136.849486,train_env0.monitor,1925,962500,-165204.85255616,500.0
-176489.238941,500,8137.087843,train_env1.monitor,1926,963000,-166672.5356416,500.0
-99996.000503,500,8137.261401,train_env2.monitor,1927,963500,-166268.86963626,500.0
-81401.659624,500,8137.437999,train_env3.monitor,1928,964000,-164306.54445798,500.0
-259551.324102,500,8141.364063,train_env0.monitor,1929,964500,-165200.07395172,500.0
-205476.541783,500,8141.558755,train_env1.monitor,1930,965000,-166487.7842508,500.0
-137530.925629,500,8141.728957,train_env2.monitor,1931,965500,-165944.45024481998,500.0
-104769.80769,500,8141.895172,train_env3.monitor,1932,966000,-163873.92595314,500.0
-201149.309007,500,8149.620018,train_env0.monitor,1933,966500,-161225.352518,500.0
-99173.18298,500,8149.817436,train_env1.monitor,1934,967000,-157845.20598004002,500.0
-165658.824788,500,8149.998327,train_env2.monitor,1935,967500,-159501.32245362,500.0
-295085.575383,500,8150.168688,train_env3.monitor,1936,968000,-160141.8263815,500.0
-109986.915049,500,8154.095321,train_env0.monitor,1937,968500,-160583.82976774,500.0
-162572.648707,500,8154.384966,train_env1.monitor,1938,969000,-159515.69678077998,500.0
-167412.515196,500,8154.587581,train_env2.monitor,1939,969500,-156838.98061692002,500.0
-230200.958118,500,8154.777708,train_env3.monitor,1940,970000,-156755.09979946,500.0
-164755.011605,500,8165.769332,train_env0.monitor,1941,970500,-157444.66479558,500.0
-124977.891152,500,8165.963622,train_env1.monitor,1942,971000,-157593.55484776,500.0
-59085.706139,500,8166.128724,train_env2.monitor,1943,971500,-156105.1905602,500.0
-163787.85136,500,8166.30183,train_env3.monitor,1944,972000,-157384.97898152002,500.0
-130289.142606,500,8169.999882,train_env0.monitor,1945,972500,-157511.77243868,500.0
-193494.15298,500,8170.191634,train_env1.monitor,1946,973000,-158351.62789175997,500.0
-105815.156488,500,8170.36309,train_env2.monitor,1947,973500,-157488.15311436,500.0
-112520.577872,500,8170.537279,train_env3.monitor,1948,974000,-156047.96214812,500.0
-106412.041031,500,8178.097236,train_env0.monitor,1949,974500,-155206.25515883998,500.0
-192421.921735,500,8178.292968,train_env1.monitor,1950,975000,-156556.33276669998,500.0
-236727.756195,500,8178.460926,train_env2.monitor,1951,975500,-158724.75377028,500.0
-180269.279848,500,8178.630709,train_env3.monitor,1952,976000,-156716.4567856,500.0
-200171.574962,500,8182.290805,train_env0.monitor,1953,976500,-157631.88059719998,500.0
-148141.818749,500,8182.498749,train_env1.monitor,1954,977000,-156573.6011402,500.0
-197630.155001,500,8182.666545,train_env2.monitor,1955,977500,-157313.52840776,500.0
-132490.270173,500,8182.832706,train_env3.monitor,1956,978000,-157958.13227062,500.0
-97964.392574,500,8186.553055,train_env0.monitor,1957,978500,-157881.4565759,500.0
-97144.503919,500,8186.756965,train_env1.monitor,1958,979000,-156538.37457828,500.0
-86374.635177,500,8186.925367,train_env2.monitor,1959,979500,-154922.62694768,500.0
-86964.487624,500,8187.091474,train_env3.monitor,1960,980000,-152865.80653842,500.0
-188913.21827,500,8198.214126,train_env0.monitor,1961,980500,-153201.09024626,500.0
-96700.251484,500,8198.411855,train_env1.monitor,1962,981000,-151836.1109738,500.0
-212094.457984,500,8198.58243,train_env2.monitor,1963,981500,-152995.5585993,500.0
-105431.023519,500,8198.749839,train_env3.monitor,1964,982000,-152144.27238846,500.0
-128032.566944,500,8206.412524,train_env0.monitor,1965,982500,-148252.54728144,500.0
-208475.094467,500,8206.609198,train_env1.monitor,1966,983000,-149661.29188104,500.0
-173295.058739,500,8206.77619,train_env2.monitor,1967,983500,-151058.30538864,500.0
-186399.351089,500,8206.943094,train_env3.monitor,1968,984000,-152125.06475453998,500.0
-148285.476056,500,8210.633965,train_env0.monitor,1969,984500,-152493.02685388,500.0
-209930.435802,500,8210.826716,train_env1.monitor,1970,985000,-154671.74871018,500.0
-158634.950589,500,8210.994978,train_env2.monitor,1971,985500,-155393.65518926,500.0
-114776.007758,500,8211.160734,train_env3.monitor,1972,986000,-153323.10025709998,500.0
-135506.913406,500,8214.874586,train_env0.monitor,1973,986500,-152673.16570444,500.0
-208879.686217,500,8215.076977,train_env1.monitor,1974,987000,-154017.7746528,500.0
-153077.451766,500,8215.246371,train_env2.monitor,1975,987500,-154846.5139756,500.0
-282792.415675,500,8215.415811,train_env3.monitor,1976,988000,-156972.57751028,500.0
-121813.063809,500,8219.19083,train_env0.monitor,1977,988500,-157408.9187764,500.0
-177199.359718,500,8219.386941,train_env1.monitor,1978,989000,-159324.87277828,500.0
-169747.15546,500,8219.557899,train_env2.monitor,1979,989500,-157528.78940544,500.0
-104946.825033,500,8219.724859,train_env3.monitor,1980,990000,-155518.19507044,500.0
-162442.392955,500,8234.565652,train_env0.monitor,1981,990500,-156016.42441696,500.0
-223883.685988,500,8234.761102,train_env1.monitor,1982,991000,-158398.70198292,500.0
-211250.944997,500,8234.926652,train_env2.monitor,1983,991500,-158600.73470272002,500.0
-164804.642974,500,8235.09393,train_env3.monitor,1984,992000,-159913.3639026,500.0
-180090.208717,500,8238.799044,train_env0.monitor,1985,992500,-160201.99158118002,500.0
-169613.204763,500,8239.00051,train_env1.monitor,1986,993000,-157692.54416878,500.0
-153786.521131,500,8239.165419,train_env2.monitor,1987,993500,-158568.53629042,500.0
-102377.345981,500,8239.336389,train_env3.monitor,1988,994000,-157364.6302359,500.0
-186715.399374,500,8243.000965,train_env0.monitor,1989,994500,-157750.68791946,500.0
-241248.854702,500,8243.193343,train_env1.monitor,1990,995000,-157971.64585114,500.0
-136181.438681,500,8243.367622,train_env2.monitor,1991,995500,-157400.17439266,500.0
-130465.290763,500,8243.535714,train_env3.monitor,1992,996000,-157509.92238488,500.0
-171598.08559,500,8247.236025,train_env0.monitor,1993,996500,-159760.1699739,500.0
-153410.713294,500,8247.42987,train_env1.monitor,1994,997000,-159552.62721258,500.0
-136920.184368,500,8247.60016,train_env2.monitor,1995,997500,-159685.24804782,500.0
-81271.141797,500,8247.766968,train_env3.monitor,1996,998000,-157440.78782415998,500.0
-271122.51468,500,8255.456498,train_env0.monitor,1997,998500,-160746.934988,500.0
-107086.551904,500,8255.653831,train_env1.monitor,1998,999000,-160638.25446864002,500.0
-175138.805606,500,8255.860235,train_env2.monitor,1999,999500,-162012.78976014,500.0
-94059.204116,500,8256.036941,train_env3.monitor,2000,1000000,-160045.53540776,500.0
-245982.340609,500,8266.930941,train_env0.monitor,2001,1000500,-160230.62709604,500.0
-183598.318045,500,8267.124945,train_env1.monitor,2002,1001000,-160297.20785998,500.0
-116053.724413,500,8267.29171,train_env2.monitor,2003,1001500,-158614.85084899998,500.0
-105203.639728,500,8267.460199,train_env3.monitor,2004,1002000,-157756.08726858,500.0
-164512.536952,500,8271.042181,train_env0.monitor,2005,1002500,-157093.73490759998,500.0
-138169.227566,500,8271.242884,train_env1.monitor,2006,1003000,-157207.31405546,500.0
-121073.527795,500,8271.415927,train_env2.monitor,2007,1003500,-157669.49675987998,500.0
-147812.068767,500,8271.588015,train_env3.monitor,2008,1004000,-158682.84805684,500.0
-181072.855084,500,8275.307259,train_env0.monitor,2009,1004500,-160576.81245497998,500.0
-277090.97778,500,8275.505195,train_env1.monitor,2010,1005000,-164379.34225810002,500.0
-175617.544229,500,8275.675229,train_env2.monitor,2011,1005500,-164113.42877728,500.0
-141099.842685,500,8275.845133,train_env3.monitor,2012,1006000,-165001.4206013,500.0
